PP_Y-Axis_CompField,PP_X-Axis_CompField,1°Amide,1°Amine,2°Amide,2°Amine,3°Amide,3°Amine,Acid,Hints and Tips,Adjusted ranking,Alcohol,Alkene,Amide,Amine,Anhydride,Anilines,Aromatic,Avoidance,Carbonate,Chloro,Environment Ranking,Ester,Ether,Flammability,Flammability Score,Fluoro,Halogen,Health Ranking,Heteroaromatic Amines,Hydrocarbon,ICH Class,Impact in Air,Impact in Water,Ketone/Aldehyde,LCA,Miscibility,Name,Nitrile,Nitro,Nitrogen Bases,Octant,Other,Phosphorus Containing,Quadrant,Safety Ranking,Silicone,Static,Sulfide,Sulfite,Sulfone,Sulfoxide,Sulfur Containing,T-Rating,Urea,Viscosity Score,VOC Potential,Abraham AH,Abraham BH,Abraham L16,Abraham Pi,Abraham R2,Abraham Vx,BP,Density,Dielectric,Dipole,ETN,Gutmann,Hansen Disp,Hansen H-Bond,Hansen Polar,Heat Capacity,Hildebrand,Hvap,log Pow,MP,PC1,PC2,PC3,PC4,PC5,Refractive Index,Solvatochromic Alpha,Solvatochromic Beta,Solvatochromic Pi*
-8.80606,-17.1145,N,N,N,N,N,N,N,Hints and Tips,Recommended,N,N,N,N,N,N,N,N,N,N,1,N,N,Not Assigned,Not Assigned,N,N,1,N,N,,,,N,,Y,Water,N,N,N,5,Y,N,1,1,N,,N,N,N,N,N,Not Assigned,N,1,1,0.82,0.35,0.26,0.45,0,0.167,100,1,78.3,1.77,1,18,7.6,20.7,7.8,4190,23.5,2180,,0,-17.1145,-8.80606,5.56077,0.126051,0.604298,1.333,1.17,0.18,1.09
15.4967,-14.1574,N,N,N,N,N,N,N,Hints and Tips,Problematic,N,N,N,N,N,N,N,N,N,N,7,N,Y,Not Assigned,Not Assigned,N,N,2,N,N,,,,Y,,Y,Dihydrolevoglucosenone (Cyrene),N,N,N,3,N,N,3,1,N,,N,N,N,N,N,Not Assigned,N,,,,,,,,0.87,203,1.25,,,0.333,,9.2,3.4,5.2,,,,,-18,-14.1574,15.4967,-3.0099,4.36439,2.3627,,0,0.61,0.93
-2.50553,-13.7832,Y,N,N,N,N,N,N,Hints and Tips,Hazardous,N,N,Y,N,N,N,N,N,N,N,7,N,N,Class IIIB,1,N,N,9,N,N,2,,,N,,Y,Formamide,N,N,N,5,N,N,1,1,N,,N,N,N,N,N,T1,N,1,1,0.62,0.6,,1.3,0.47,0.365,210,1.133,111,3.36,0.8,36,8.4,9.3,12.8,2103,19.2,1448,-1.51,2.6,-13.7832,-2.50553,3.64239,3.55785,0.413777,1.448,0.71,,0.97
1.48289,-11.292,N,N,N,N,N,N,N,Hints and Tips,Problematic,Y,N,N,N,N,N,N,N,N,N,7,N,N,Class IIIB,1,N,N,1,N,N,,,,N,,Y,Glycerol,N,N,N,7,N,N,3,1,N,,N,N,N,N,N,T2,N,3,1,,,,,,0.707,290.1,1.26,42.5,4.2,0.81,19,8.5,14.3,5.9,,17.7,1186,-1.76,18.2,-11.292,1.48289,5.82824,3.09155,-0.187772,1.47,,,
-1.88606,-10.7101,N,N,N,N,N,N,N,Hints and Tips,Recommended,Y,N,N,N,N,N,N,N,N,N,5,N,N,Class IIIB,1,N,N,2,N,N,2,,,N,,Y,"Ethylene Glycol [1,2-Ethanediol]",N,N,N,5,N,N,1,1,N,,N,N,N,N,N,T2,N,2,1,,,,,,0.508,197.2,1.109,37.7,2.31,0.79,20,8.3,12.7,5.4,,17.1,1087,-1.36,-13,-10.7101,-1.88606,4.37327,1.45192,-1.03437,1.432,0.9,0.52,0.92
-7.7192,-9.7908,N,N,N,N,N,N,Y,Hints and Tips,Hazardous,N,N,N,N,N,N,N,N,N,N,5,N,N,Class IB,3,Y,Y,8,N,N,,,,N,,Y,"2,2,2-Trifluoroacetic Acid [TFA]",N,N,N,5,N,N,1,1,N,,N,N,N,N,N,Not Assigned,N,1,2,,,,,,0.518,71.8,1.54,,1.28,2.28,,,,,,10.6,,,-15.4,-9.7908,-7.7192,11.2503,-0.606578,-0.757968,1.385,1.12,,0.5
-7.30311,-9.78236,N,N,N,N,N,N,Y,Hints and Tips,Problematic,N,N,N,N,N,N,N,N,N,N,3,N,N,Class II,2,N,N,7,N,N,3,2,1,N,2,Y,Formic Acid,N,N,N,5,N,N,1,3,N,1,N,N,N,N,N,T1,N,1,2,0.75,0.38,,0.6,0.3,0.324,100,1.22,55,1.41,0.73,19,7,8.1,5.8,1766,10.5,138,-0.54,8.4,-9.78236,-7.30311,5.73192,-0.0614243,-0.788483,1.37,,,
-0.0557008,-9.69134,N,N,Y,N,N,N,N,Hints and Tips,Hazardous,N,N,Y,N,N,N,N,N,N,N,5,N,N,Class IIIB,1,N,N,9,N,N,,,,N,,Y,N-Methylformamide,N,N,N,5,N,N,1,1,N,,N,N,N,N,N,Not Assigned,N,1,1,0.4,0.55,,1.3,0.41,0.506,182,1.01,182.4,3.87,0.73,49,,,,2084,14.9,479,-0.97,-3.8,-9.69134,-0.0557008,0.679486,1.61295,-0.157919,1.432,,,
4.69006,-8.92429,N,Y,N,N,N,N,N,Hints and Tips,Problematic,N,N,N,Y,N,N,N,N,N,N,5,N,N,Class IC,3,N,N,7,N,N,,,,N,,Y,"1,2-Diaminoethane",N,N,Y,3,N,N,3,3,N,,N,N,N,N,N,T2,N,1,1,,,,,,0.59,117,0.899,12.9,1.9,0.35,55,8.1,8.3,4.3,3188,12.4,995,-2.04,11.1,-8.92429,4.69006,-3.0658,-1.42983,-3.29467,1.457,,,
-0.147285,-8.82701,N,N,N,N,N,N,N,Hints and Tips,Recommended,Y,N,N,N,N,N,N,N,N,N,5,N,N,Class IIIB,1,N,N,2,N,N,,,,N,,Y,Propylene Glycol,N,N,N,5,N,N,1,1,N,,N,N,N,N,N,T2,N,2,1,,,,,,0.649,187.3,1.03,,3.63,0.72,,8.2,11.4,4.6,2400,15,812,-0.92,-60,-8.82701,-0.147285,3.8777,0.751989,-0.726892,1.43,,,
-5.31265,-8.72651,N,N,N,N,N,N,N,Hints and Tips,Recommended,Y,N,N,N,N,N,N,N,N,N,5,N,N,Class IB,3,N,N,7,N,N,2,1,1,N,2,Y,Methanol,N,N,N,5,N,N,1,4,N,1,N,N,N,N,N,T1,N,0,2,0.43,0.47,0.97,0.44,0.28,0.308,64.5,0.791,32.7,1.71,0.76,30,7.4,10.9,6,3162,14.5,1406,-0.74,-97.7,-8.72651,-5.31265,1.25112,-1.85931,-0.620266,1.328,0.93,0.62,0.6
0.423377,-8.38199,N,Y,N,N,N,N,N,Hints and Tips,Problematic,Y,N,N,Y,N,N,N,N,N,N,5,N,N,Class IIIA,1,N,N,7,N,N,,,,N,,Y,Ethanolamine [2-Aminoethanol],N,N,Y,3,N,N,3,1,N,,N,N,N,N,N,T2,N,2,1,,,,,,0.549,170.4,1.018,37.7,2.28,0.65,,,,,2636,15.5,1167,-1.31,10.5,-8.38199,0.423377,-0.393555,1.23633,-0.977211,1.455,,,
1.58203,-8.30638,N,N,Y,N,N,N,N,Hints and Tips,Hazardous,N,N,Y,N,N,N,N,N,N,N,7,N,N,Class IIIB,1,N,N,9,N,N,,,,N,,Y,N-Methylacetamide,N,N,N,7,N,N,3,1,N,,N,N,N,N,N,T1,N,1,1,0.4,0.72,,1.3,0.4,0.647,205,0.957,191.3,3.72,0.66,,,,,,13.3,1869,-1.05,28,-8.30638,1.58203,0.645811,1.01107,-0.217258,1.425,,,
2.82674,-7.96058,N,N,N,N,N,N,N,Hints and Tips,Problematic,Y,N,N,N,N,N,N,N,N,N,7,N,Y,Class IIIB,1,N,N,1,N,N,,,,N,,Y,Diethylene Glycol,N,N,N,7,N,N,3,2,N,,N,N,N,N,N,T3,N,2,1,,,,,,0.848,245.7,1.109,31.7,2.31,0.71,,7.9,10,7.2,2072,14.2,393,,-7.8,-7.96058,2.82674,3.45365,0.601903,-0.443717,1.448,,,
-4.82223,-7.9189,N,N,N,N,N,N,Y,Hints and Tips,Problematic,N,N,N,N,N,N,N,N,N,N,3,N,N,Class II,2,N,N,7,N,N,3,2,1,N,,Y,Acetic Acid,N,N,N,5,N,N,1,3,N,1,N,N,N,N,N,T2,N,1,1,0.61,0.44,1.75,0.65,0.27,0.465,117.9,1.049,6.2,1.68,0.65,20,7.1,6.6,3.9,1937,13,,-0.17,16.7,-7.9189,-4.82223,4.6104,-0.483395,-0.842599,1.372,1.12,,0.64
8.01536,-7.53647,N,N,N,N,N,Y,N,Hints and Tips,Recommended,Y,N,N,Y,N,N,N,N,N,N,5,N,N,Class IIIB,1,N,N,1,N,N,,,,N,,Y,Triethanolamine,N,N,Y,7,N,N,3,1,N,,N,N,N,N,N,T2,N,3,1,,,,,,1.23,335.4,1.12,,1.08,,,,,,2152,13.4,274,-1,21.2,-7.53647,8.01536,5.12255,1.66281,-2.40286,,,,
-8.20768,-7.26762,N,N,N,N,N,N,N,Hints and Tips,Hazardous,Y,N,N,N,N,N,N,N,N,N,5,N,N,Class IB,3,Y,Y,8,N,N,,,,N,,Y,"1,1,1,3,3,3-Hexafluoropropan-2-ol",N,N,N,5,N,N,1,1,N,,N,N,N,N,N,Not Assigned,N,,,,,,,,0.696,57.5,1.596,,,1.07,,,,,,,,1.66,-4,-7.26762,-8.20768,11.9645,-1.99806,-0.023481,1.275,1.96,0,0.65
4.00531,-7.15801,N,N,N,N,N,N,N,Hints and Tips,Problematic,N,N,N,N,N,N,N,N,N,N,5,N,N,Class IIIA,1,N,N,1,N,N,3,1,1,N,2,Y,DMSO [Dimethylsulfoxide],N,N,N,3,N,N,3,1,N,1,N,N,N,Y,Y,T3,N,1,1,0,0.88,3.46,1.74,0.52,0.613,189,1.095,46.7,3.96,0.444,29.8,9,5,8,,13.1,700,-1.35,18.5,-7.15801,4.00531,-3.9992,2.58802,0.563683,1.479,0,0.76,1
-3.676,-6.8371,N,N,N,N,N,N,N,Hints and Tips,Recommended,Y,N,N,N,N,N,N,N,N,N,3,N,N,Class IB,3,N,N,3,N,N,3,1,1,N,2,Y,Ethanol,N,N,N,5,N,N,1,4,N,1,N,N,N,N,N,T2,N,1,2,0.37,0.48,1.49,0.42,0.25,0.449,78.3,0.785,24.6,1.74,0.65,32,7.7,9.5,4.3,3052,12.8,1029,-0.3,-114.5,-6.8371,-3.676,1.11638,-2.0345,-0.948893,1.361,0.83,0.77,0.54
-3.76353,-6.78461,N,N,N,N,N,N,Y,Hints and Tips,Problematic,N,N,N,N,N,N,N,N,N,N,3,N,N,Class II,2,N,N,7,N,N,,2,1,N,2,Y,Propanoic Acid,N,N,N,5,N,N,1,3,N,1,N,N,N,N,N,T1,N,1,1,0.6,0.45,2.29,0.65,0.23,0.606,140.8,0.99,3.2,1.75,0.61,,,,,2063,12.5,,0.33,-20.7,-6.78461,-3.76353,5.55202,-0.586068,-0.964241,1.38,,,
-6.73863,-6.72189,N,N,N,N,N,N,N,Hints and Tips,Hazardous,Y,N,N,N,N,N,N,N,N,N,5,N,N,Class IC,3,Y,Y,10,N,N,,,,N,,Y,"2,2,2-Trifluoroethanol",N,N,N,5,N,N,1,3,N,,N,N,N,N,N,T1,N,,,,,,,,0.502,74,1.391,,,0.9,,,,,,,,0.41,-45,-6.72189,-6.73863,5.76113,0.904505,0.809133,,1.51,0,0.73
11.3027,-6.42158,N,N,N,N,N,N,N,Hints and Tips,Hazardous,N,N,N,N,N,N,N,N,N,N,5,N,N,Class IIIA,1,N,N,9,N,N,,,,N,,Y,"TMU [1,1,3,3-Tetramethylurea]",N,N,N,3,N,N,3,1,N,,N,N,N,N,N,Not Assigned,Y,,,,,,,,1.028,175.2,0.962,24.5,3.51,0.315,29.6,8.2,5.4,4,,,,0.19,-1.2,-6.42158,11.3027,-2.69706,-2.76249,-2.13088,1.449,0,0.8,0.83
-2.82788,-5.52052,N,N,N,N,N,N,Y,Hints and Tips,Problematic,N,N,N,N,N,N,N,N,N,N,5,N,N,Class II,2,N,N,7,N,N,,,,N,,Not Determined,Isobutyric acid,N,N,N,5,N,N,1,3,N,,N,N,N,N,N,T2,N,1,1,,,,,,0.747,154.7,0.94,,1.09,,,,,,2221,11.9,168,0.94,-46,-5.52052,-2.82788,6.23079,-1.0606,-1.43987,1.39,,,
-2.98999,-5.4197,N,N,N,N,N,N,N,Hints and Tips,Problematic,Y,N,N,N,N,N,N,N,N,N,3,N,N,Class IB,3,N,N,4,N,N,3,,,N,,Y,Propan-1-ol,N,N,N,5,N,N,1,5,N,,N,N,N,N,N,T2,N,1,1,0.37,0.48,2.03,0.42,0.24,0.59,97.2,0.804,20.5,1.65,0.62,,7.8,8.5,3.3,2921,12.2,1060,0.25,-126.2,-5.4197,-2.98999,1.68422,-1.62393,-0.968217,1.386,0.78,,0.52
-0.863147,-5.28528,N,N,N,N,N,N,N,Hints and Tips,Hazardous,Y,N,N,N,N,N,N,N,N,N,3,N,Y,Class II,2,N,N,9,N,N,2,3,1,N,,Not Determined,Methyl Cellosolve [2-Methoxyethanol],N,N,N,5,N,N,1,3,N,1,N,N,N,N,N,T3,N,1,1,0.3,0.84,2.5,0.5,0.27,0.649,124.5,0.965,16.9,2.04,0.67,,7.9,8,4.5,2357,11.7,932,-0.77,-85.1,-5.28528,-0.863147,0.149651,-1.06035,-0.461615,1.402,,,0.71
-2.31088,-5.26444,N,N,N,N,N,N,N,Hints and Tips,Recommended,Y,N,N,N,N,N,N,N,N,N,3,N,N,Class IB,3,N,N,3,N,N,3,1,1,N,2,Y,IPA [Propan-2-ol],N,N,N,5,N,N,1,4,N,1,N,N,N,N,N,T2,N,1,2,0.33,0.56,1.76,0.36,0.21,0.59,82.4,0.786,19.9,1.65,0.55,36,7.7,8,3,3207,11.4,1115,0.05,-88,-5.26444,-2.31088,0.99332,-2.39862,-1.19069,1.377,0.76,0.95,0.48
4.90404,-5.21401,N,N,N,N,N,N,N,Hints and Tips,Problematic,N,N,N,N,N,N,N,N,N,N,7,N,N,Class IIIB,1,N,N,5,N,N,,,,N,,Y,Tetrahydrothiophene 1-oxide,N,N,N,3,N,N,3,2,N,,N,N,N,Y,Y,Not Assigned,N,,,,,,,,0.786,236,1.168,42.8,4.17,,,,,,,,,,,-5.21401,4.90404,-2.97795,2.43274,-0.530404,1.521,0,0.8,
1.55541,-5.08112,N,N,N,N,Y,N,N,Hints and Tips,Hazardous,N,N,Y,N,N,N,N,Y,N,N,5,N,N,Class II,2,N,N,9,N,N,2,2,1,N,2,Y,"DMF [N,N-Dimethylformamide]",N,N,N,3,N,N,3,3,N,1,N,N,N,N,N,T2,N,0,1,0,0.74,3.17,1.31,0.37,0.647,153,0.945,37.1,3.79,0.386,26.6,8.5,5.5,6.7,2134,11.8,507,-1.01,-60.4,-5.08112,1.55541,-3.71763,0.752001,0.599084,1.431,0,0.69,0.88
-2.7986,-4.91685,N,N,N,N,N,N,Y,Hints and Tips,Problematic,N,N,N,N,N,N,N,N,N,N,5,N,N,Class IIIA,1,N,N,1,N,N,,,,N,,N,Butyric acid,N,N,N,5,N,N,1,7,N,,N,N,N,N,N,T1,N,1,1,,,,,,0.747,163.3,0.95,,1.65,,,7.3,5.2,2,2102,12,,0.79,-5.2,-4.91685,-2.7986,5.74195,-0.763212,-1.14215,1.4,,,
-4.74864,-4.65106,N,N,N,N,N,N,N,Hints and Tips,Problematic,N,N,N,N,N,N,N,N,N,N,3,N,N,Class IB,3,N,N,3,N,N,2,1,2,N,,Y,Acetonitrile,Y,N,N,1,N,N,1,4,N,1,N,N,N,N,N,T1,N,0,2,0.07,0.32,1.74,0.9,0.24,0.404,81.6,0.776,35.9,3.95,0.46,14.6,7.5,3,8.8,2884,12.1,558,-0.34,-43.8,-4.65106,-4.74864,-3.28165,-0.304043,4.2989,1.344,0.19,0.31,0.75
2.3979,-4.46695,N,N,N,N,N,N,N,Hints and Tips,Problematic,N,N,N,N,N,N,Y,N,N,N,7,N,N,Class IIIA,1,N,N,5,Y,N,,,,N,,N,Pyridazine,N,N,Y,3,N,N,3,2,N,,N,N,N,N,N,Not Assigned,N,,,,,,,,0.634,222.6,1.105,,,,,,,,,,,,-8,-4.46695,2.3979,-2.69637,3.9672,0.260451,1.524,,,
3.02392,-4.29237,N,N,N,N,Y,N,N,Hints and Tips,Hazardous,N,N,Y,N,N,N,N,Y,N,N,5,N,N,Class IIIA,1,N,N,9,N,N,2,2,1,N,2,Y,"DMA [N,N-Dimethylacetamide]",N,N,N,3,N,N,3,1,N,1,N,N,N,N,N,T2,N,1,1,0,0.78,3.72,1.33,0.36,0.788,166.1,0.937,38.3,3.78,0.377,27.8,8.2,5,5.6,2107,10.8,,-0.77,-20,-4.29237,3.02392,-3.37915,0.545871,0.145789,1.438,0,0.78,0.88
-1.69267,-4.22827,N,N,N,N,N,N,N,Hints and Tips,Recommended,Y,N,N,N,N,N,N,N,N,N,3,N,N,Class IC,3,N,N,4,N,N,3,1,1,N,,N,Butan-1-ol,N,N,N,5,N,N,1,3,N,1,N,N,N,N,N,T2,N,1,1,0.37,0.48,2.6,0.42,0.22,0.731,117.7,0.81,17.5,1.74,0.6,29,7.8,7.7,2.8,2896,11.6,1038,0.84,-88.6,-4.22827,-1.69267,2.20752,-1.65375,-1.08503,1.399,0.79,0.88,0.47
6.54135,-4.18826,N,N,N,N,N,N,N,Hints and Tips,Recommended,Y,N,N,N,N,N,N,Y,N,N,3,N,Y,Class IIIB,1,N,N,1,N,N,,,,N,,Y,Triethylene Glycol,N,N,N,7,N,N,3,2,N,,N,N,N,N,N,T2,N,2,1,,,,,,1.189,288,1.125,23.7,3,0.7,,7.8,9.1,6.1,1951,12.2,268,-1.33,-4.3,-4.18826,6.54135,0.427493,0.629685,0.986734,1.456,,,
0.357103,-3.97711,N,Y,N,N,N,N,N,Hints and Tips,Hazardous,N,N,N,Y,N,N,N,N,N,N,7,N,N,Class IA,3,N,N,8,N,N,,,,N,,Y,Isopropylamine,N,N,Y,3,N,N,3,5,N,,N,N,N,N,N,T2,N,0,3,,,,,,0.631,32.4,0.68,,1.45,,57.5,,,,4064,8.2,705,0.26,-95.2,-3.97711,0.357103,-2.88464,-3.61627,-2.26472,1.37,,,
2.33569,-3.9622,N,N,N,N,N,N,N,Hints and Tips,Hazardous,N,N,N,N,N,N,N,N,N,N,7,N,N,Class IIIB,1,N,N,9,N,N,2,1,2,N,2,Y,Sulfolane,N,N,N,3,N,N,3,1,N,1,N,N,Y,N,Y,T1,N,2,1,,,,,,0.845,287.3,1.264,42.1,4.68,0.41,14.8,,,,1168,12.8,338,-0.77,28.5,-3.9622,2.33569,-1.90485,3.56636,3.50714,1.482,0,,0.98
-0.431024,-3.94934,N,N,N,N,N,N,N,Hints and Tips,Problematic,N,N,N,N,N,N,N,N,N,N,7,Y,N,Class IIIB,1,N,N,4,N,N,,,,N,,Y,Dihydrofuran-2(3H)-one [Butyrolactone],N,N,N,1,N,N,1,1,N,,N,N,N,N,N,T1,N,1,1,,,,,,0.638,204.4,1.125,41,4.27,0.42,18,9.3,3.6,8.1,1449,12.9,371,-0.64,-43.4,-3.94934,-0.431024,-2.89993,1.62084,2.45143,1.437,0,0.49,0.87
2.31485,-3.90904,N,N,N,Y,N,N,N,Hints and Tips,Problematic,N,N,N,Y,N,N,N,N,N,N,3,N,Y,Class II,2,N,N,7,N,N,,,,N,,Y,Morpholine,N,N,Y,3,N,N,3,4,N,,N,N,N,N,N,T2,N,1,1,0.06,0.91,,0.79,0.43,0.722,128.2,0.995,7.7,1.71,0.318,,9.2,4.5,2.4,,10.8,390,-1.08,-4.8,-3.90904,2.31485,-2.69152,-0.611439,-2.284,1.454,,,
3.34375,-3.90132,N,N,N,N,Y,N,N,Hints and Tips,Hazardous,N,N,Y,N,N,N,N,Y,N,N,7,N,N,Class IIIB,1,N,N,9,N,N,2,1,1,N,,Y,NMP [N-Methylpyrrolidone],N,N,N,3,N,N,3,1,N,1,N,N,N,N,N,T2,N,1,1,,,,,,0.82,202,1.026,32.6,3.75,0.355,27.3,8.8,3.5,6,1712,11.3,421,-0.38,-24.4,-3.90132,3.34375,-2.98889,0.763989,-0.161558,1.47,0,0.77,0.92
-4.70756,-3.83989,N,N,N,N,N,N,N,Hints and Tips,Highly Hazardous,N,N,N,N,N,N,N,N,N,N,3,N,N,Class IC,3,N,N,2,N,N,2,,,N,,Y,Nitromethane,N,Y,N,1,N,N,1,10,N,,N,N,N,N,N,T2,N,0,2,0.06,0.31,1.89,0.95,0.31,0.424,101.2,1.131,36.2,3.5,0.481,2.7,7.7,2.5,9.2,1538,12.9,418,-0.33,-28.6,-3.83989,-4.70756,-2.58611,1.87302,4.25859,1.382,0.22,,0.85
-1.25846,-3.74469,N,N,N,N,N,N,N,Hints and Tips,Recommended,Y,N,N,N,N,N,N,N,N,N,3,N,N,Class IB,3,N,N,3,N,N,,1,1,N,,N,tert-Butanol [2-Methylpropan-2-ol],N,N,N,5,N,N,1,4,N,1,N,N,N,N,N,T1,N,1,2,0.31,0.6,1.96,0.3,0.18,0.731,82.3,0.789,12.5,1.65,0.39,38,,,,3659,10.6,,0.35,25.6,-3.74469,-1.25846,1.14292,-2.39924,-1.15615,1.388,0.68,1.01,0.41
-2.35607,-3.71432,N,N,N,N,N,N,N,Hints and Tips,Recommended,Y,N,N,N,N,N,N,N,N,N,3,N,N,Class IC,3,N,N,4,N,N,3,1,1,N,,N,iso-Butanol [2-Methylpropan-1-ol],N,N,N,5,N,N,1,3,N,1,N,N,N,N,N,T2,N,1,1,0.37,0.48,,0.39,0.22,0.731,107.8,0.794,17.9,1.64,0.55,,7.4,7.8,2.8,3009,11.2,1788,0.76,-108,-3.71432,-2.35607,1.93132,-1.47421,-0.774119,1.396,,,
-1.74486,-3.59319,N,N,N,N,N,N,N,Hints and Tips,Recommended,Y,N,N,N,N,N,N,N,N,N,3,N,N,Class IC,3,N,N,2,N,N,3,,,N,,N,Butan-2-ol,N,N,N,5,N,N,1,3,N,,N,N,N,N,N,T2,N,1,1,0.33,0.56,,0.36,0.22,0.731,99.5,0.808,16.6,1.65,0.51,,7.7,7.1,2.8,3202,11.1,,0.65,-114.7,-3.59319,-1.74486,1.17917,-1.69234,-0.837775,1.397,,,
3.20311,-3.57425,N,N,N,N,Y,N,N,Hints and Tips,Recommended,N,N,Y,N,N,N,N,N,N,N,3,N,N,Class IIIA,1,N,N,4,N,N,,,,N,,Y,NEP [1-Ethylpyrrolidin-2-one],N,N,N,3,N,N,3,2,N,,N,N,N,N,N,Not Assigned,N,,,,,,,,0.961,97,0.992,,,,,,,,,,,,,-3.57425,3.20311,-2.75034,-1.02615,-0.327646,,,,
-0.739374,-3.56352,N,N,N,N,N,N,N,Hints and Tips,Problematic,N,N,N,N,N,N,N,N,Y,N,7,N,N,Class IIIB,1,N,N,2,N,N,,,,N,,Y,"Propylene Carbonate [4-Methyl-1,3-dioxolan-2-one]",N,N,N,1,N,N,1,1,N,,N,N,N,N,N,T1,N,1,1,,,,,,0.697,241.7,1.199,62.9,4.77,0.472,15.1,9.8,2,8.8,1355,13.3,328,-0.41,-54.5,-3.56352,-0.739374,-2.16803,2.34958,4.65793,1.421,0,0.4,0.83
-4.3225,-3.50197,N,N,N,Y,N,N,N,Hints and Tips,Recommended,N,N,N,Y,N,N,Y,N,N,N,3,N,N,Class II,2,N,N,6,N,N,,,,N,,N,Pyrrole,N,N,Y,5,N,N,1,3,N,,N,N,N,N,N,T1,N,1,1,0.41,0.29,2.87,0.73,0.61,0.577,129.9,0.966,8,1.71,,,,,,1952,12.2,668,0.75,-23.4,-3.50197,-4.3225,2.46632,3.29681,-2.47776,1.509,,,
2.79453,-3.37704,N,N,N,N,N,N,N,Hints and Tips,Problematic,Y,N,N,N,N,N,N,N,N,N,7,N,Y,Class IIIA,1,N,N,5,N,N,,,,N,,Y,"(2,2-Dimethyl-1,3-dioxolan-4-yl)methanol",N,N,N,7,Y,N,3,2,N,,N,N,N,N,N,Not Assigned,N,,,,,,,,1.022,189,1.064,,,,,,,,,,,0.06,-27,-3.37704,2.79453,2.00933,0.16007,-0.215957,1.434,,,
0.0468865,-3.3769,N,Y,N,N,N,N,N,Hints and Tips,Hazardous,N,N,N,Y,N,N,N,N,N,N,7,N,N,Class IB,3,N,N,8,N,N,,,,N,,N,n-Propylamine,N,N,Y,3,N,N,3,7,N,,N,N,N,N,N,T2,N,0,3,0.16,0.61,2.14,0.35,0.23,0.631,48.5,0.71,,1.17,,32,8.3,4.2,2.4,3912,8.9,627,0.48,-83,-3.3769,0.0468865,-2.43398,-2.97691,-2.35763,1.39,,,
7.79931,-3.36411,N,N,N,N,N,N,N,Hints and Tips,Recommended,N,N,N,N,N,N,N,N,N,N,5,N,N,Not Assigned,Not Assigned,N,N,3,N,N,,,,N,,Not Determined,Pentamethyl Phosphonic Diamide,N,N,N,3,Y,Y,3,1,N,,N,N,N,N,N,Not Assigned,N,,,,,,,,1.276,76,1.024,,,,,,,,,,,,,-3.36411,7.79931,-1.93648,-0.679509,-1.17989,1.459,,,
0.0741294,-3.35696,N,N,N,N,N,N,N,Hints and Tips,Hazardous,Y,N,N,N,N,N,N,N,N,N,4,N,Y,Class II,2,N,N,9,N,N,,,,N,,Y,2-Ethoxyethanol,N,N,N,7,N,N,3,4,N,,N,N,N,N,N,T3,N,1,1,,,,,,0.79,135.6,0.93,,2.08,0.63,,7.9,7,4.5,2484,10.7,978,-0.54,-90,-3.35696,0.0741294,0.0462025,-1.21974,0.0135332,1.407,,,
-0.943897,-3.26716,N,N,N,N,N,N,N,Hints and Tips,Recommended,Y,N,N,N,N,N,N,N,N,N,3,N,N,Class II,2,N,N,2,N,N,3,1,1,N,,N,3-Methylbutan-1-ol,N,N,N,5,N,N,1,3,N,1,N,N,N,N,N,T2,N,1,1,0.37,0.48,,0.39,0.19,0.872,130.8,0.809,15.2,1.83,0.56,32,,,,2888,11.1,498,1.16,-117.2,-3.26716,-0.943897,2.59167,-1.21117,-0.848406,1.407,,,
0.787724,-3.22157,N,N,N,N,N,N,N,Hints and Tips,Problematic,N,N,N,N,N,N,Y,N,N,N,5,N,N,Class IC,3,N,N,5,Y,N,,,,N,,N,Pyrimidine,N,N,Y,3,N,N,3,4,N,,N,N,N,N,N,Not Assigned,N,,,0,0.65,2.84,1,0.61,0.634,123.5,1.079,,2.33,,,,,,1856,,499,-0.4,21,-3.22157,0.787724,-2.91804,1.95569,0.0193262,1.496,0,0.48,
-3.69138,-3.09698,N,N,N,N,N,N,N,Hints and Tips,Hazardous,N,N,N,N,N,N,N,Y,N,N,5,N,N,Class IB,3,N,N,9,N,N,,,,N,,N,Proprionitrile,Y,N,N,1,N,N,1,5,N,,N,N,N,N,N,T1,N,0,2,0.02,0.36,2.08,0.9,0.16,0.545,97.4,0.777,28.9,4.04,0.398,16.1,7.5,2.7,7,2731,10.7,645,0.16,-92.8,-3.09698,-3.69138,-3.05049,-0.631003,3.69693,1.366,,0.37,0.71
-1.91259,-3.04341,N,N,N,N,N,N,N,Hints and Tips,Recommended,N,N,N,N,N,N,N,N,N,N,5,N,N,Class IB,3,N,N,3,N,N,3,1,1,Y,,Y,Acetone,N,N,N,1,N,N,1,5,N,1,N,N,N,N,N,T1,N,0,3,0.04,0.49,1.7,0.7,0.18,0.547,56.1,0.784,21.4,2.88,0.355,17,7.6,3.4,5.1,2774,9.6,550,-0.24,-94.7,-3.04341,-1.91259,-3.56567,-1.794,0.596176,1.359,0.08,0.48,0.71
0.0810868,-2.93596,N,N,N,Y,N,N,N,Hints and Tips,Problematic,N,N,N,Y,N,N,N,N,N,N,3,N,N,Class IB,3,N,N,7,N,N,,,,N,,Y,Pyrrolidine,N,N,Y,3,N,N,3,4,N,,N,N,N,N,N,T3,N,0,2,,,,,,0.663,86.6,0.85,,1.58,0.26,,,,,2585,10,400,0.46,-57.8,-2.93596,0.0810868,-3.08506,-1.34199,-2.92342,1.44,,,
-2.5993,-2.90482,N,N,N,N,N,N,N,Hints and Tips,Hazardous,N,N,N,N,N,N,N,N,N,N,5,N,Y,Class IB,3,N,N,10,N,N,,,,N,,Y,"1,3-Dioxolane",N,N,N,1,N,N,1,7,N,,N,N,N,N,N,T3,N,,,,,,,,0.54,75.6,1.059,,1.19,0.383,,,,,,11.3,,-0.37,,-2.90482,-2.5993,-2.99917,-1.09752,-0.102012,1.404,,,
3.66759,-2.86983,N,N,N,N,N,N,N,Hints and Tips,Recommended,Y,N,N,N,N,N,N,N,N,N,5,N,Y,Class IIIB,1,N,N,1,N,N,,,,N,,Y,Methyl Carbitol [2-[2-(Methoxy)ethoxy]ethanol],N,N,N,3,N,N,3,2,N,,N,N,N,N,N,T3,N,1,1,,,,,,0.989,194,1.022,,0,,,7.9,6.2,3.8,,11.2,,,-69,-2.86983,3.66759,-0.0660459,-1.06358,-0.431207,1.426,,,
0.209277,-2.86796,N,N,N,N,N,N,N,Hints and Tips,Recommended,Y,N,N,N,N,N,N,N,N,N,3,N,Y,Class IC,3,N,N,2,N,N,,,,N,,Y,1-Methoxypropan-2-ol,N,N,N,3,N,N,3,3,N,,N,N,N,N,N,T3,N,1,1,,,,,,0.79,120.6,0.92,,2.4,,,,,,,10.4,828,,-96.7,-2.86796,0.209277,-1.13539,-1.44295,0.185015,1.4,,,
-0.852872,-2.7643,N,N,N,N,N,N,N,Hints and Tips,Recommended,Y,N,N,N,N,N,N,N,N,N,3,N,N,Class IC,3,N,N,2,N,N,3,1,1,N,2,N,Pentan-1-ol,N,N,N,5,N,N,1,3,N,1,N,N,N,N,N,T2,N,1,1,0.37,0.48,3.11,0.42,0.22,0.872,138,0.814,13.9,1.71,0.57,25,7.8,6.8,2.2,2848,11.1,,1.51,-78.2,-2.7643,-0.852872,2.81625,-1.09108,-0.869124,1.41,,,
-0.0234369,-2.76111,N,N,N,N,N,N,N,Hints and Tips,Recommended,Y,N,N,N,N,N,N,N,N,N,3,N,Y,Class IC,3,N,N,2,N,N,,,,N,,Y,PM Glycol Ether [1-Methoxy-2-propanol],N,N,N,1,N,N,1,3,N,,N,N,N,N,N,T3,N,1,1,,,,,,0.79,120,0.921,,2.4,,,7.6,6.6,3.5,,10.4,828,,-97,-2.76111,-0.0234369,-0.718538,-1.3665,0.0397147,1.4,,,
-4.36315,-2.7394,N,N,N,N,N,N,N,Hints and Tips,Hazardous,N,N,N,N,N,N,N,N,N,N,7,Y,N,Class IA,3,N,N,7,N,N,,,,N,,Y,Methyl Formate,N,N,N,1,N,N,1,6,N,,N,N,N,N,N,T1,N,0,3,0,0.38,1.24,0.68,0.19,0.465,31.5,0.967,8.7,1.77,0.346,,,,,2045,9.9,509,0.03,-99,-2.7394,-4.36315,-2.99058,-2.02339,2.15273,1.343,0,0.37,0.62
0.870106,-2.62005,N,N,N,N,N,N,N,Hints and Tips,Recommended,Y,N,N,N,N,N,N,N,N,N,5,N,Y,Class II,2,N,N,2,N,N,,,,N,,Not Determined,Propyl Cellosolve [2-Propoxyethanol],N,N,N,7,N,N,3,3,N,,N,N,N,N,N,T3,N,1,,,,,,,0.931,150,0.913,,,,,7.9,6.4,3.9,2543,,833,,-90,-2.62005,0.870106,0.492484,-1.29295,-0.0183773,,,,
0.866665,-2.57898,N,Y,N,N,N,N,N,Hints and Tips,Hazardous,N,N,N,Y,N,N,N,N,N,N,5,N,N,Class IB,3,N,N,8,N,N,,,,N,,Not Determined,2-Methyl-1-propanamine [Isobutylamine],N,N,Y,3,N,N,3,5,N,,N,N,N,N,N,T2,N,0,2,,,,,,0.772,67.7,0.73,,1.27,,,,,,,8.6,494,0.88,-84.6,-2.57898,0.866665,-2.17958,-2.79232,-2.0124,1.39,,,
1.22966,-2.57619,N,Y,N,N,N,N,N,Hints and Tips,Hazardous,N,N,N,Y,N,N,N,N,N,N,7,N,N,Class IB,3,N,N,8,N,N,,,,N,,Y,2-Amino-2-methylpropane [tert-Butylamine],N,N,Y,3,N,N,3,8,N,,N,N,N,N,N,T2,N,0,3,,,,,,0.772,44.4,0.69,,1.29,0.19,57.5,,,,3793,7.7,534,0.4,-67,-2.57619,1.22966,-2.56097,-3.56882,-2.37864,1.38,,,
1.25937,-2.53329,N,Y,N,N,N,N,N,Hints and Tips,Hazardous,N,N,N,Y,N,N,N,N,N,N,5,N,N,Class IB,3,N,N,10,N,N,,,,N,,N,1-Butylamine,N,N,Y,3,N,N,3,5,N,,N,N,N,N,N,T2,N,0,2,0.16,0.61,2.62,0.35,0.22,0.772,77.4,0.73,,1.39,,42,7.9,3.9,2.2,3501,8.7,738,0.86,-49.1,-2.53329,1.25937,-1.86475,-2.90118,-2.33359,1.4,,0.72,
2.98646,-2.50863,N,N,N,N,N,N,N,Hints and Tips,Recommended,Y,N,N,N,N,N,N,N,N,N,5,N,N,Class II,2,N,N,2,N,N,,,,Y,,N,4-Hydroxy-4-methylpentan-2-one,N,N,N,3,N,N,3,3,N,,N,N,N,N,N,T1,N,,1,,,,,,1.028,168.5,0.935,,,,,,,,,,,-0.09,-47,-2.50863,2.98646,-1.32478,-0.110683,1.04734,1.423,,,
-0.080649,-2.46101,N,N,N,N,N,N,N,Hints and Tips,Recommended,Y,N,N,N,N,N,N,N,N,N,5,N,N,Class IIIA,1,N,N,2,N,N,,,,N,,N,Cyclohexanol,N,N,N,5,N,N,0,2,N,,N,N,N,N,N,T2,N,1,1,0.32,0.57,3.76,0.54,0.46,0.904,161.1,0.964,15,1.86,0.5,25,8.5,6.6,2,2121,11.6,1753,1.23,25.2,-2.46101,-0.080649,1.6858,0.322257,-1.37208,1.465,,,
0.894494,-2.44614,N,N,N,N,N,N,N,Hints and Tips,Problematic,Y,N,N,N,N,N,Y,N,N,N,7,N,N,Class IIIA,1,N,N,2,N,N,,,,N,,N,Benzyl alcohol,N,N,N,7,N,N,3,1,N,,N,N,N,N,N,T2,N,1,1,0.33,0.56,4.22,0.87,0.8,0.916,204.8,1.042,13.1,1.65,0.61,23,9,6.7,3.1,4769,12.1,588,1.05,-15.3,-2.44614,0.894494,3.6268,3.67887,-1.23662,1.54,,0.5,0.98
4.88751,-2.43265,N,N,N,N,N,N,N,Hints and Tips,Problematic,N,N,N,N,N,N,N,N,N,N,7,N,N,Class IIIB,1,N,N,6,N,N,,,,N,,Y,"DMPU [1,3-dimethyltetrahydropyrimidin-2(1H)-one]",N,N,N,3,N,N,3,1,N,,N,N,N,N,N,Not Assigned,Y,,,,,,,,1.061,244.6,1.056,,,,,,,,,,,,-23,-2.43265,4.88751,-2.09733,1.46339,-1.0033,1.489,,,
-0.731133,-2.39071,N,N,N,N,N,N,N,Hints and Tips,Recommended,Y,N,N,N,N,N,N,N,N,N,3,N,N,Class II,2,N,N,2,N,N,,,,N,,N,tert-Amyl Alcohol [2-Methylbutan-2-ol],N,N,N,5,N,N,1,4,N,,N,N,N,N,N,T2,N,1,1,0.31,0.6,,0.3,0.19,0.872,102.2,0.806,5.8,1.71,0.32,,,,,3424,10.3,1739,0.89,-8.8,-2.39071,-0.731133,1.32996,-1.71282,-0.879646,1.405,,,
-0.618091,-2.33832,N,N,N,N,N,N,N,Hints and Tips,Hazardous,N,N,N,N,N,N,Y,N,N,N,3,N,N,Class IB,3,N,N,2,Y,N,2,3,2,N,2,N,Pyridine,N,N,Y,1,N,N,0,4,N,1,N,N,N,N,N,T1,N,0,1,0,0.52,3.02,0.84,0.63,0.675,115.3,0.978,13.2,2.21,0.302,34,9.3,2.9,4.3,1703,10.6,472,0.65,-41.6,-2.33832,-0.618091,-3.00425,1.64005,-0.645808,1.509,0,0.64,0.87
0.0679379,-2.31872,N,N,N,N,N,N,N,Hints and Tips,Hazardous,N,N,N,N,N,N,Y,N,N,N,5,N,N,Class IIIA,1,N,N,9,N,N,,,,Y,,Y,Furfural,N,N,N,3,N,N,0,2,N,,N,N,N,N,N,T2,N,1,1,,,,,,0.693,161.7,1.15,,3.6,,,,,,1459,11.5,453,0.41,-36.5,-2.31872,0.0679379,-1.77534,4.70834,1.08821,1.52,,,
3.8017,-2.28264,N,N,N,N,N,N,N,Hints and Tips,Problematic,N,N,N,N,N,N,N,N,N,N,7,N,N,Class IIIA,1,N,N,6,N,N,,,,N,,Y,"DMI [1,3-dimethylimidazolidin-2-one]",N,N,N,3,N,N,3,1,N,,N,N,N,N,N,T2,Y,,,,,,,,0.92,225,1.058,,,0.36,,,,,,,,,8,-2.28264,3.8017,-2.0342,1.25428,-0.365918,1.472,,,
-3.62892,-2.14468,N,N,N,N,N,N,N,Hints and Tips,Problematic,N,N,N,N,N,N,N,N,N,N,3,N,N,Class IC,3,N,N,6,N,N,,,,N,,N,Nitroethane,N,Y,N,1,N,N,1,4,N,,N,N,N,N,N,T2,N,0,1,0.02,0.33,2.41,0.95,0.27,0.565,114,1.045,29,3.61,0.4,5,7.8,2.2,7.6,1705,11,485,0.18,-89.5,-2.14468,-3.62892,-2.68811,1.23438,3.63157,1.391,,,
4.21566,-2.14404,N,N,N,N,Y,N,N,Hints and Tips,Problematic,N,N,Y,N,N,N,N,N,N,N,7,N,N,Class IIIB,1,N,N,5,N,N,,,,N,,Not Determined,1-Methylazepan-2-one [N-Methylcaprolactam],N,N,N,3,N,N,3,2,N,,N,N,N,N,N,Not Assigned,N,,,,,,,,1.102,107,1.013,,4.23,0.34,27.1,,,,,,,,,-2.14404,4.21566,-2.4185,0.486245,-0.358426,1.483,,,
-0.75189,-2.12084,N,N,N,N,N,N,N,Hints and Tips,Recommended,Y,N,N,N,N,N,N,N,N,N,5,N,N,Class IC,3,N,N,2,N,N,,,,N,,N,Pentan-2-ol,N,N,N,5,N,N,0,3,N,,N,N,N,N,N,T2,N,1,1,0.33,0.56,,0.36,0.2,0.872,119,0.81,13.7,1.65,0.49,,,,,3196,10.8,1881,1.25,-73.2,-2.12084,-0.75189,1.81988,-1.32716,-0.562897,1.406,,,
0.986893,-2.07999,N,N,N,N,N,N,N,Hints and Tips,Problematic,N,N,N,N,N,N,N,N,N,N,7,Y,N,Class IIIA,1,N,N,5,N,N,,,,N,,Y,5-Methyldihydrofuran-2(3H)-one [gamma-valerolactone],N,N,N,3,N,N,0,1,N,,N,N,N,N,N,Not Assigned,N,1,1,,,,,,0.779,207.5,1.103,36.1,4.3,,,,,,1720,11.2,505,,-31,-2.07999,0.986893,-2.05341,1.05551,2.226,1.457,,,
4.57115,-2.04393,N,N,N,N,N,N,N,Hints and Tips,Problematic,Y,N,N,N,N,N,N,N,N,N,7,N,Y,Class IIIA,1,N,N,1,N,N,,,,N,,Not Determined,Carbitol [2-(2-ethoxyethoxy)ethanol],N,N,N,7,N,N,3,2,N,,N,N,N,N,N,T3,N,1,1,,,,,,1.13,201,0.989,,0,,,7.9,6,4.5,2252,10.3,322,-0.54,-43,-2.04393,4.57115,0.400268,-1.17734,-0.195925,1.428,,,
-1.30853,-2.01188,N,N,N,N,N,N,N,Hints and Tips,Recommended,Y,N,N,N,N,N,N,N,N,N,5,N,N,Class II,2,N,N,2,N,N,,,,N,,N,Pentan-3-ol,N,N,N,5,N,N,0,3,N,,N,N,N,N,N,T2,N,1,1,0.33,0.56,,0.36,0.22,0.872,115.3,0.821,13.4,1.65,0.46,,,,,,10.2,731,1.21,-75,-2.01188,-1.30853,1.4764,-1.38071,-0.752789,1.41,,,
-1.19087,-1.99901,N,N,N,N,N,N,N,Hints and Tips,Recommended,Y,N,N,N,N,N,N,N,N,N,3,N,N,Class IIIB,1,N,N,2,N,N,,,,N,,N,2-Methyl Butanol,N,N,N,5,N,N,0,3,N,,N,N,N,N,N,T2,N,1,1,,,,,,0.872,128.7,0.681,,0,,32,7.5,6.6,2.3,3485,10.8,698,1.29,,-1.99901,-1.19087,2.53451,-1.6474,-1.3244,1.41,,,
10.5113,-1.86972,N,N,N,N,N,N,N,Hints and Tips,Problematic,Y,N,N,N,N,N,N,Y,N,N,7,N,Y,Class IIIB,1,N,N,1,N,N,,,,N,,Y,Tetraethylene glycol,N,N,N,7,N,N,3,1,N,,N,N,N,N,N,T2,N,2,1,,,,,,1.529,327.3,1.129,19.7,3.24,0.66,,,,,1935,11.6,309,1.38,-6.2,-1.86972,10.5113,0.644045,0.341486,1.12206,1.458,,,
2.02169,-1.80193,N,N,N,N,N,N,N,Hints and Tips,Hazardous,N,N,N,N,N,N,N,N,N,N,7,N,N,Class IIIA,1,N,N,9,N,N,,,,N,,N,Hexanedinitrile,Y,N,N,7,N,N,3,1,N,,N,N,N,N,N,T1,N,1,1,,,,,,0.982,295,0.95,,3.75,,,,,,3252,12,504,-0.32,2.4,-1.80193,2.02169,0.527922,2.07302,4.6739,1.44,,,
0.8075,-1.7406,N,N,N,N,N,N,N,Hints and Tips,Recommended,Y,N,N,N,N,N,N,N,N,N,5,Y,N,Class IB,3,N,N,4,N,N,,,,N,,N,Ethyl Lactate,N,N,N,0,N,N,0,3,N,,N,N,N,N,N,T2,N,1,1,,,,,,0.946,154,1.027,13.1,2.55,0.63,,7.8,6.1,3.7,,10,,,-26,-1.7406,0.8075,-0.364763,-0.350021,1.82471,1.412,,,
-2.54602,-1.73145,N,N,N,N,N,N,N,Hints and Tips,Problematic,N,N,N,N,N,N,N,N,N,N,5,Y,N,Class IB,3,N,N,3,N,N,3,,,N,,Y,Methyl Acetate,N,N,N,1,N,N,1,5,N,,N,N,N,N,N,T1,N,0,3,0,0.45,1.91,0.64,0.14,0.606,57,0.928,6.9,1.69,0.253,16.4,7.6,3.7,3.5,2068,9.5,403,0.18,-98.1,-1.73145,-2.54602,-2.8433,-2.06339,1.13524,1.361,0,0.42,0.6
0.0633819,-1.71547,N,N,N,N,N,N,N,Hints and Tips,Problematic,Y,N,N,N,N,N,N,N,N,N,5,N,N,Class IIIA,1,N,N,5,N,N,,,,N,,N,1-Hexanol,N,N,N,7,N,N,0,3,N,,N,N,N,N,N,T3,N,1,1,,,,,,1.013,157,0.82,,1.65,0.6,,,,,2859,10.8,1183,2.03,-44.6,-1.71547,0.0633819,3.42011,-0.979458,-0.868482,1.42,,,
1.20012,-1.65035,N,N,N,N,N,N,N,Hints and Tips,Problematic,N,N,N,N,N,N,N,N,N,N,5,N,N,Class IC,3,N,N,6,N,N,,,,Y,,Y,"Pentane-2,4-dione [Acetylacetone]",N,N,N,3,N,N,0,3,N,,N,N,N,N,N,T2,N,0,1,,,,,,0.845,140.4,0.972,25.7,3.03,0.57,,,,,2159,9.5,,0.34,-23.2,-1.65035,1.20012,-1.84785,1.25239,1.03791,1.451,,,
1.97658,-1.64448,N,Y,N,N,N,N,N,Hints and Tips,Problematic,N,N,N,Y,N,N,N,N,N,N,5,N,N,Class IB,3,N,N,7,N,N,,,,N,,N,n-Pentylamine,N,N,Y,3,N,N,3,5,N,,N,N,N,N,N,T2,N,0,2,0.16,0.61,3.14,0.35,0.21,0.913,104.5,0.75,,1.55,,,,,,,8.8,287,1.45,-55,-1.64448,1.97658,-1.09956,-2.38677,-1.99034,1.41,,,
-3.06415,-1.62046,N,N,N,N,N,N,N,Hints and Tips,Problematic,N,N,N,N,N,N,N,N,N,N,5,Y,N,Class IB,3,N,N,6,N,N,,,,N,,N,Ethyl Formate,N,N,N,1,N,N,1,5,N,,N,N,N,N,N,T1,N,0,3,0,0.38,1.85,0.66,0.15,0.606,54.2,0.915,7.2,1.94,0.32,,7.6,4.1,4.1,2109,9.3,271,0.23,-76.9,-1.62046,-3.06415,-2.54326,-2.04004,1.91163,1.36,0,0.36,0.61
-2.07822,-1.60149,N,N,N,N,N,N,N,Hints and Tips,Problematic,N,N,N,N,N,N,N,N,N,N,5,N,N,Class IC,3,N,N,6,N,N,,,,N,,N,Butyronitrile,Y,N,N,1,N,N,1,5,N,,N,N,N,N,N,T1,N,0,1,,,,,,0.686,117.5,0.787,24.6,4.07,0.364,16.6,7.5,2.5,6.1,8526,10.2,608,0.6,-111.9,-1.60149,-2.07822,-1.82494,-0.863574,3.80822,1.383,,,0.71
-0.379222,-1.5719,N,N,N,N,N,N,N,Hints and Tips,Recommended,N,N,N,N,N,N,N,N,N,N,5,N,N,Class IC,3,N,N,2,N,N,,,,Y,,Y,Cyclopentanone,N,N,N,1,N,N,0,3,N,,N,N,N,N,N,T2,N,1,1,0,0.52,3.22,0.86,0.37,0.72,130.7,0.944,14.5,3.28,0.27,18,,,,1917,10.5,496,,-51.3,-1.5719,-0.379222,-2.98984,0.3005,0.0103344,1.437,,0.52,0.76
-1.12968,-1.5456,N,N,N,N,N,N,N,Hints and Tips,Problematic,N,N,N,N,N,Y,Y,N,N,N,7,N,N,Class IIIA,1,N,N,6,N,N,,,,N,,N,Aniline,N,N,Y,0,N,N,0,1,N,,N,N,N,N,N,T1,N,1,1,0.26,0.41,3.93,0.96,0.96,0.816,184.4,1.022,7.2,1.51,0.42,35,9.5,5,2.5,2011,11.8,239,0.9,-6,-1.5456,-1.12968,1.48888,5.54665,-2.26104,1.586,,,
-0.744288,-1.54504,N,N,N,N,N,N,N,Hints and Tips,Problematic,N,N,N,N,Y,N,N,N,N,N,3,N,N,Class II,2,N,N,7,N,N,,,,N,,Y,Acetic Anhydride,N,N,N,0,N,N,0,3,N,,N,N,N,N,N,T2,N,0,1,,,,,,0.762,139,1.082,20.7,2.82,0.41,10.5,7.8,5,5.7,1769,10.7,314,,-73.1,-1.54504,-0.744288,-1.6852,0.566744,2.8611,1.39,0,,0.76
-1.85536,-1.51934,N,N,N,N,N,N,N,Hints and Tips,Problematic,N,N,N,N,N,N,N,N,N,N,5,N,Y,Class IB,3,N,N,7,N,N,2,1,1,N,2,Y,THF [Tetrahydrofuran],N,N,N,1,N,N,0,6,N,1,N,N,N,N,N,T3,N,0,2,0,0.48,2.64,0.52,0.29,0.622,67,0.881,7.5,1.69,0.207,20.5,8.2,3.9,2.8,1932,9.1,506,0.46,-108.4,-1.51934,-1.85536,-3.24116,-1.75699,-1.23666,1.407,0,0.55,0.58
-1.118,-1.47901,N,N,N,N,N,N,N,Hints and Tips,Recommended,N,N,N,N,N,N,N,N,N,N,3,N,N,Class IB,3,N,N,3,N,N,3,2,1,Y,,N,Butanone [MEK],N,N,N,1,N,N,0,5,N,1,N,N,N,N,N,T1,N,0,2,0,0.51,2.29,0.7,0.17,0.688,79.6,0.805,18.9,2.78,0.327,17.4,7.8,2.5,4.4,2723,9.5,328,0.29,-86.7,-1.47901,-1.118,-3.00926,-1.40615,0.410937,1.379,0.06,0.48,0.67
9.77762,-1.45993,N,N,N,N,N,N,N,Hints and Tips,Highly Hazardous,N,N,N,N,N,N,N,Y,N,N,7,N,N,Class IIIB,1,N,N,9,N,N,,,,N,,Y,HMPA,N,N,N,3,N,Y,3,1,N,,N,N,N,N,N,Not Assigned,N,,1,0,1.6,5.11,0.85,0.37,1.517,233,1.024,29,4.19,0.315,38.8,9,5.5,4.2,1723,8.6,473,0.28,7,-1.45993,9.77762,-1.00489,-0.144358,-1.27009,1.459,0,1.05,0.87
2.28022,-1.42132,N,N,N,N,N,N,N,Hints and Tips,Problematic,Y,N,N,N,N,N,N,N,N,N,7,N,Y,Class IIIB,1,N,N,5,N,N,,,,N,,Not Determined,EPh Glycol Ether [2-phenoxyethanol],N,N,N,7,N,N,3,1,N,,N,N,N,N,N,T1,N,,1,,,,,,1.116,244,1.11,,,,,8.7,7,2.8,,11.5,,1.16,15,-1.42132,2.28022,3.93606,4.14949,-1.05192,1.537,,,
0.700927,-1.37124,N,N,N,Y,N,N,N,Hints and Tips,Problematic,N,N,N,Y,N,N,N,N,N,N,3,N,N,Class IB,3,N,N,7,N,N,,,,N,,N,Piperidine,N,N,Y,3,N,N,0,5,N,,N,N,N,N,N,T2,N,1,2,0.1,0.69,3.3,0.46,0.42,0.804,106.5,0.857,5.8,0.73,0.148,40,,,,2459,9.5,426,0.85,-10.5,-1.37124,0.700927,-2.20144,-1.16237,-3.4166,1.453,,,
0.467472,-1.35871,N,N,N,N,N,N,N,Hints and Tips,Hazardous,N,N,N,N,N,N,N,N,N,N,3,N,Y,Class IB,3,N,N,10,N,N,2,2,2,N,,Y,"Glyme [DME or 1,2-Dimethoxyethane]",N,N,N,3,N,N,0,7,N,1,N,N,N,N,N,T3,N,0,2,,,,,,0.79,84.5,0.864,7.2,1.61,0.231,20,,,,2363,8.6,485,-0.21,-69,-1.35871,0.467472,-2.50771,-2.67093,-0.395857,1.38,0,0.41,0.53
-0.0646447,-1.32958,N,N,N,N,N,N,N,Hints and Tips,Recommended,Y,N,N,N,N,N,N,N,N,N,3,N,N,Class IIIB,1,N,N,2,N,N,,,,N,,N,Methyl Isobutyl Carbinol,N,N,N,5,N,N,0,3,N,,N,N,N,N,N,Not Assigned,N,1,1,,,,,,1.013,131.7,0.671,,1.7,,,8,5.6,5.7,,9,538,,,-1.32958,-0.0646447,2.43219,-1.24635,-0.37168,1.41,,,
-2.5432,-1.29881,N,N,N,N,N,N,N,Hints and Tips,Problematic,N,N,N,N,N,N,N,N,N,N,7,N,N,Class IIIA,1,N,N,5,N,N,,,,N,,N,"1,3,2-Dioxathiolane-2-oxide",N,N,N,1,N,N,1,1,N,,N,Y,N,N,Y,Not Assigned,N,,,,,,,,0.621,159,1.429,,,,,,,,,,,,,-1.29881,-2.5432,-1.95029,2.94897,2.74482,,,,
1.79808,-1.24016,N,N,N,N,N,N,N,Hints and Tips,Recommended,Y,N,N,N,N,N,N,Y,N,N,5,N,Y,Class IIIA,1,N,N,2,N,N,,,,N,,Not Determined,Butyl Cellosolve [Ethylene glycol monobutyl ether],N,N,N,7,N,N,0,1,N,,N,N,N,N,N,T3,N,1,1,,,,,,1.071,171,0.902,,2.08,0.6,,7.8,6,3.7,2596,9.9,557,0.83,-77,-1.24016,1.79808,1.22264,-1.07427,0.209733,1.419,,,
1.35871,-1.17593,N,N,N,N,N,Y,N,Hints and Tips,Recommended,N,N,N,Y,N,N,N,N,N,N,3,N,Y,Class IB,3,N,N,2,N,N,,,,N,,Y,N-methylmorpholine [NNM],N,N,Y,3,N,N,0,5,N,,N,N,N,N,N,Not Assigned,N,,,,,,,,0.863,117,0.92,,,,,,,,,,,,-65,-1.17593,1.35871,-2.56019,-1.10662,-2.0975,1.435,,,
2.79804,-1.06821,N,Y,N,N,N,N,N,Hints and Tips,Problematic,N,N,N,Y,N,N,Y,N,N,N,5,N,N,Class IIIA,1,N,N,7,N,N,,,,N,,N,Benzylamine,N,N,Y,3,N,N,3,1,N,,N,N,N,N,N,T2,N,1,1,0.1,0.72,4.32,0.88,0.83,0.957,184.5,0.98,,1.38,,,,,,,10.6,595,1.09,-46,-1.06821,2.79804,-0.731378,2.89571,-1.80984,1.54,,0.63,
8.08654,-1.04243,N,N,N,N,N,N,N,Hints and Tips,Problematic,N,N,N,N,N,N,N,N,N,N,5,N,N,Class IIIB,1,N,N,6,N,N,,,,N,,N,"1,8-Diazabicycloundec-7-ene [DBU]",N,N,Y,3,N,N,3,5,N,,N,N,N,N,N,T3,N,,,,,,,,1.316,261,1.018,,,,,,,,,,,,-70,-1.04243,8.08654,-1.61077,0.424958,-3.57208,1.523,,,
7.19679,-1.02462,N,N,N,N,N,N,N,Hints and Tips,Problematic,N,N,N,N,N,N,N,N,N,N,5,N,Y,Class IIIB,1,N,N,5,N,N,,,,N,,N,DMI [Dimethyl isosorbide],N,N,N,7,N,N,3,1,N,,N,N,N,N,N,Not Assigned,N,,,,,,,,1.253,393,1.165,,,,,,,,,,,,-70,-1.02462,7.19679,0.0371237,1.02998,0.753456,1.463,,,
0.21178,-1.02058,N,N,N,N,N,N,N,Hints and Tips,Recommended,N,N,N,N,N,N,N,N,N,N,3,N,Y,Class IB,3,N,N,2,N,N,,,,N,,Not Determined,Trimethoxymethane [Trimethyl orthoformate],N,N,N,0,Y,N,0,5,N,,N,N,N,N,N,T3,N,,,,,,,,0.848,101.5,0.963,,1.7,,,,,,,,478,,-53,-1.02058,0.21178,-1.82886,-2.13549,0.881435,1.379,0,,0.58
1.09046,-0.912612,N,N,N,N,N,N,N,Hints and Tips,Problematic,N,N,N,N,N,N,N,N,N,N,5,N,Y,Class IB,3,N,N,5,N,N,,,,N,,N,"1,2-Dimethoxypropane",N,N,N,0,N,N,0,6,N,,N,N,N,N,N,T2,N,0,,,,,,,0.931,96,0.855,,,,,,,,2346,,338,,,-0.912612,1.09046,-2.00441,-2.44695,-0.53803,1.385,,,
0.203646,-0.886957,N,N,N,N,N,N,N,Hints and Tips,Hazardous,N,N,N,N,N,N,N,N,N,N,3,N,Y,Class IB,3,N,N,6,N,N,2,1,2,N,,Y,"1,4-Dioxane",N,N,N,0,N,N,0,7,N,3,N,N,N,N,N,T4,N,1,2,0,0.64,2.89,0.75,0.33,0.681,101.3,1.028,2.3,0.46,0.164,14.8,9.3,3.6,0.9,6483,10.1,309,-0.27,11.8,-0.886957,0.203646,-1.94311,-1.54976,-1.13652,1.422,0,0.37,0.55
-0.170172,-0.879225,N,N,N,N,N,N,N,Hints and Tips,Recommended,N,N,N,N,N,N,N,N,N,N,3,N,N,Class IB,3,N,N,2,N,N,,,,Y,,N,Pentan-2-one,N,N,N,0,N,N,0,5,N,,N,N,N,N,N,T1,N,0,2,0,0.51,2.76,0.68,0.14,0.829,102.3,0.802,15.4,2.74,0.321,17.5,,,,2653,9,389,0.84,-76.9,-0.879225,-0.170172,-2.3115,-1.46341,0.431732,1.391,,0.5,
2.08926,-0.864705,N,Y,N,N,N,N,N,Hints and Tips,Problematic,N,N,N,Y,N,N,N,N,N,N,3,N,N,Class IC,3,N,N,7,N,N,,,,N,,N,Cyclohexylamine,N,N,Y,3,N,N,0,3,N,,N,N,N,N,N,T3,N,1,1,,,,,,0.945,134.5,0.862,4.4,1.31,,,8.3,3.2,1.5,2343,9.2,1147,1.49,-17.7,-0.864705,2.08926,-1.59741,-1.49475,-2.44565,1.456,,,
-1.73469,-0.838404,N,N,N,N,N,N,N,Hints and Tips,Problematic,N,N,N,N,N,N,N,N,N,N,5,N,N,Class II,2,N,N,5,N,N,,,,N,,N,Dimethyl Sulfite,N,N,N,1,N,N,0,4,N,,N,Y,N,N,Y,Not Assigned,N,,,,,,,,0.73,126.5,1.207,21.9,2.84,,,,,,,,,,,-0.838404,-1.73469,-2.16002,0.3466,1.7674,1.409,,,
-0.410889,-0.823085,N,N,N,N,N,N,N,Hints and Tips,Problematic,N,N,N,N,N,N,N,N,N,N,5,N,N,Class IB,3,N,N,5,N,N,,,,Y,,N,"3-Methyl-2-butanone [MIPK, Methyl isopropyl ketone]",N,N,N,1,N,N,0,5,N,,N,N,N,N,N,T2,N,0,2,0,0.51,,0.65,0.13,0.829,94.2,0.805,16.6,2.79,0.315,17.1,,,,2579,8.9,561,0.84,-92,-0.823085,-0.410889,-2.49464,-1.34788,0.22587,1.388,,0.48,
5.44963,-0.771327,N,N,N,N,N,N,N,Hints and Tips,Hazardous,N,N,N,N,N,N,N,N,N,N,5,N,Y,Class IIIA,1,N,N,9,N,N,,2,2,N,,Y,Diglyme [Diethyleneglycol dimethyl ether],N,N,N,3,N,N,3,3,N,1,N,N,N,N,N,T4,N,1,1,,,,,,1.13,159.8,0.938,7.3,1.92,0.244,,,,,2760,9.1,263,-0.36,-64,-0.771327,5.44963,-0.996489,-2.44881,-0.397098,1.408,0,,0.64
0.509233,-0.759562,N,N,N,N,N,N,N,Hints and Tips,Problematic,Y,N,N,N,N,N,N,N,N,N,5,N,N,Not Assigned,Not Assigned,N,N,5,N,N,,,,N,,N,4-Methylcyclohexanemethanol [MCHM],N,N,N,7,N,N,0,1,N,,N,N,N,N,N,Not Assigned,N,,,,,,,,1.186,202,0.907,,,,,,,,,,,,,-0.759562,0.509233,3.6884,-0.341782,-1.04533,,,,
9.92438,-0.755174,N,N,N,N,N,N,N,Hints and Tips,Hazardous,N,N,N,N,N,N,N,Y,N,N,7,N,Y,Class IIIB,1,N,N,9,N,N,,,,N,,Y,Triglyme [Triethyleneglycol dimethyl ether],N,N,N,7,N,N,3,3,N,,N,N,N,N,N,T4,N,1,1,,,,,,1.471,216,0.98,7.5,2.16,0.253,,,,,2103,9.4,326,,-43.8,-0.755174,9.92438,0.053861,-2.46073,-0.138356,1.426,,,
2.35542,-0.748251,N,N,N,N,N,N,N,Hints and Tips,Problematic,N,N,N,N,N,N,N,N,N,N,5,Y,Y,Class II,2,N,N,5,N,N,,,,Y,,N,"Ethyl 3-oxobutanoate [Ethyl acetoacetate, EAA]",N,N,N,3,N,N,0,2,N,,N,N,N,N,N,T3,N,1,1,,,,,,1.044,180.9,1.02,15.7,2.96,0.577,,,,,1879,9.8,212,0.25,-39,-0.748251,2.35542,-0.696179,0.284149,1.88884,1.421,,,0.61
3.67786,-0.743199,N,N,N,N,N,N,N,Hints and Tips,Problematic,Y,N,N,N,N,N,N,N,N,N,7,N,Y,Class IIIB,1,N,N,2,N,N,,,,N,,N,Butyl Carbitol [2-[2-(Butyloxy)ethoxy]ethanol],N,N,N,7,N,N,3,1,N,,N,N,N,N,N,T3,N,1,1,,,,,,1.412,230,0.952,,0,,,7.8,5.2,2.4,,9.8,,0.56,-68,-0.743199,3.67786,3.1728,-4.10058,5.58374,1.426,,,
-1.83783,-0.740185,N,N,N,N,N,N,N,Hints and Tips,Recommended,N,N,N,N,N,N,N,N,N,N,3,Y,N,Class IB,3,N,N,3,N,N,,,,N,,N,Methyl Propionate,N,N,N,1,N,N,0,5,N,,N,N,N,N,N,T1,N,0,2,,,,,,0.747,80,0.908,6.2,1.67,,11,,,,2157,9.1,420,0.84,-87.5,-0.740185,-1.83783,-1.9521,-2.04831,1.17614,1.376,,,
5.01033,-0.725119,N,N,N,N,N,N,N,Hints and Tips,Problematic,Y,N,N,N,N,N,N,N,N,N,5,N,Y,Class IIIA,1,N,N,5,N,N,,,,N,,Y,DPM Glycol Ether [Dipropylene glycol methyl ether],N,N,N,3,N,N,3,2,N,,N,N,N,N,N,T3,N,,1,,,,,,1.271,190,0.953,,2.47,,,7.6,5.6,2,,8.9,406,,-83,-0.725119,5.01033,-0.563842,-1.54975,0.326459,1.42,,,
0.0716492,-0.678531,N,N,N,Y,N,N,N,Hints and Tips,Hazardous,N,N,N,Y,N,N,N,N,N,N,5,N,N,Class IB,3,N,N,7,N,N,,,,N,,N,Diethylamine,N,N,Y,0,N,N,0,8,N,,N,N,N,N,N,T2,N,0,3,0.08,0.69,2.4,0.3,0.15,0.772,55.6,0.702,3.9,1.03,0.145,50,7.3,3,1.1,3443,8,539,0.58,-49.8,-0.678531,0.0716492,-2.33878,-3.4117,-3.08979,1.385,,,
1.83572,-0.669863,N,N,N,N,N,N,N,Hints and Tips,Recommended,N,N,N,N,N,N,N,N,N,N,5,Y,Y,Class II,2,N,N,1,N,N,,,,N,,Not Determined,PMA Glycol Ether [1-methoxy-2-propanol acetate],N,N,N,3,N,N,0,3,N,,N,N,N,N,N,T2,N,1,1,,,,,,1.087,146,0.968,,1.8,,,7.9,3.2,3,1955,9,202,0.56,-66,-0.669863,1.83572,-1.85387,4.56854,0.434328,1.8,,,
-2.23499,-0.666575,N,N,N,N,N,N,N,Hints and Tips,Problematic,N,N,N,N,N,N,N,N,N,N,5,Y,N,Class IB,3,N,N,3,N,N,,,,N,,N,Propyl Formate,N,N,N,1,N,N,0,5,N,,N,N,N,N,N,T1,N,0,2,0,0.38,2.43,0.63,0.13,0.747,80.8,0.9,7.7,1.83,,,,,,2156,9,,0.83,-92.9,-0.666575,-2.23499,-1.84201,-1.81675,1.8354,1.377,,,
-6.54068,-0.6554,N,N,N,N,N,N,N,Hints and Tips,Highly Hazardous,N,N,N,N,N,N,N,Y,N,Y,7,N,N,Not Assigned,Not Assigned,N,Y,7,N,N,2,3,2,N,,N,DCM [Dichloromethane],N,N,N,1,N,N,1,1,N,1,N,N,N,N,N,T1,N,0,3,0.1,0.05,2.02,0.57,0.39,0.494,39.7,1.317,9,1.6,0.309,1,8.9,3,3.1,898,9.9,205,1.25,-94.9,-0.6554,-6.54068,-1.33663,1.27833,1.99856,1.424,0.3,0,0.82
-1.50367,-0.649342,N,N,N,N,N,N,N,Hints and Tips,Recommended,N,N,N,N,N,N,N,N,N,N,3,Y,N,Class IB,3,N,N,3,N,N,3,1,1,N,2,N,Ethyl Acetate,N,N,N,1,N,N,0,5,N,1,N,N,N,N,N,T2,N,0,2,0,0.45,2.31,0.62,0.11,0.747,77.2,0.895,6,1.78,0.228,17.1,7.7,3.5,2.6,2113,8.9,360,0.73,-83.6,-0.649342,-1.50367,-2.24681,-2.20261,1.0132,1.372,0,0.45,0.55
-2.65281,-0.638764,N,N,N,N,N,N,N,Hints and Tips,Problematic,N,N,N,N,N,N,N,N,N,N,5,N,N,Class IC,3,N,N,6,N,N,,,,N,,N,1-Nitropropane,N,Y,N,1,N,N,1,4,N,,N,N,N,N,N,T2,N,0,1,0,0.31,2.89,0.95,0.24,0.706,131.2,1,,3.66,,,,,,1871,10.4,351,0.87,-104,-0.638764,-2.65281,-1.96557,0.844981,3.29501,1.4,,,
-0.398033,-0.638182,N,N,N,N,N,N,N,Hints and Tips,Problematic,N,N,N,N,N,N,N,N,N,N,5,N,Y,Class IB,3,N,N,5,N,N,,,,N,,Not Determined,"2,2-Dimethyl-1,3-dioxolane",N,N,N,0,Y,N,0,4,N,,N,N,N,N,N,Not Assigned,N,,,,,,,,0.822,92,0.946,,,,,,,,,,,,,-0.638182,-0.398033,-2.00906,-1.81581,-0.357442,1.398,,,
-2.86582,-0.608593,N,N,N,N,N,N,N,Hints and Tips,Hazardous,N,N,N,N,N,N,N,N,N,N,5,N,N,Class IC,3,N,N,9,N,N,,,,N,,N,2-Nitropropane,N,Y,N,1,N,N,1,4,N,,N,N,N,N,N,T2,N,0,1,,,,,,0.706,131.2,0.983,27.3,3.76,,,,,,1867,10.4,322,0.87,-103.4,-0.608593,-2.86582,-1.99477,0.463773,2.89232,1.394,,,
-2.58546,-0.567427,N,N,N,N,N,N,N,Hints and Tips,Recommended,N,N,N,N,N,N,N,N,Y,N,3,N,N,Class IB,3,N,N,1,N,N,,,,N,,N,Dimethyl Carbonate,N,N,N,1,N,N,1,4,N,,N,N,N,N,N,T1,N,0,,,,,,,0.664,90.3,1.063,3.2,0.93,0.232,17.2,7.6,4.7,1.9,1719,9.5,419,,4,-0.567427,-2.58546,-1.60665,-2.29901,1.54198,1.368,0,0.38,
0.672246,-0.565146,N,N,N,N,N,N,N,Hints and Tips,Problematic,N,N,N,N,N,N,Y,N,N,N,5,N,N,Class II,2,N,N,6,Y,N,,,,N,,N,2-Methylpyridine [2-Picoline],N,N,Y,0,N,N,0,4,N,,N,N,N,N,N,T1,N,0,1,0,0.58,3.42,0.75,0.6,0.816,129.4,0.94,9.8,1.91,0.235,39,,,,1794,9.8,395,1.11,-66.7,-0.565146,0.672246,-1.96621,1.22144,-1.17457,1.501,,,
0.643086,-0.553952,N,N,N,N,N,N,N,Hints and Tips,Problematic,N,N,N,N,N,N,N,N,N,N,5,N,N,Class II,2,N,N,2,N,N,,,,Y,,Y,Cyclohexanone,N,N,N,3,N,N,0,3,N,,N,N,N,N,N,T2,N,1,1,0,0.56,3.79,0.86,0.4,0.861,155.8,0.948,16,3.06,0.281,17.8,8.7,2.5,3.1,1880,10.4,454,0.81,-32.1,-0.553952,0.643086,-2.59907,0.59781,-0.259915,1.451,,0.53,0.76
0.91061,-0.533689,N,N,N,N,N,N,N,Hints and Tips,Recommended,Y,N,N,N,N,N,N,N,N,N,5,N,N,Class IIIA,1,N,N,2,N,N,,,,N,,N,1-Heptanol,N,N,N,7,N,N,0,1,N,,N,N,N,N,N,T3,N,1,1,,,,,,1.154,176.2,0.82,,1.74,0.55,,,,,2828,10.5,1485,2.62,-34,-0.533689,0.91061,4.09596,-0.810862,-0.774663,1.42,,,
-0.435308,-0.498106,N,N,N,N,N,N,N,Hints and Tips,Problematic,N,N,N,N,N,N,N,N,N,N,5,N,N,Class IB,3,N,N,2,N,N,,,,Y,,N,Pentan-3-one,N,N,N,0,N,N,0,5,N,,N,N,N,N,N,T1,N,0,2,0,0.51,,0.66,0.15,0.829,102,0.809,17.5,2.7,0.65,16.5,7.7,2.3,3.7,2727,9.1,441,0.82,-39,-0.498106,-0.435308,-2.16,-1.21806,0.4441,1.392,,0.45,0.72
1.59821,-0.48314,N,N,N,N,N,N,N,Hints and Tips,Recommended,Y,N,N,N,N,N,N,N,N,N,5,N,Y,Class II,2,N,N,2,N,N,,,,N,,Not Determined,PnP Glycol Ether [1-Propoxy-2-propanol],N,N,N,0,N,N,0,2,N,,N,N,N,N,N,T3,N,1,,,,,,,1.071,149,0.885,,,,,7.4,5.7,2.8,,,725,,-80,-0.48314,1.59821,-0.21765,-1.38936,0.206216,,,,
10.5469,-0.397931,N,N,N,N,N,N,N,Hints and Tips,Problematic,Y,N,N,N,N,N,N,N,N,N,7,N,Y,Class IIIB,1,N,N,4,N,N,,,,N,,N,"Butoxytriglycol [3,6,9-Trioxatridecan-1-ol]",N,N,N,7,N,N,3,1,N,,N,N,N,N,N,T2,N,1,,,,,,,1.752,283,0.822,,,,,7.9,3.6,3.4,2724,,376,,-39,-0.397931,10.5469,3.24714,-1.54218,1.67661,,,,
3.40473,-0.216736,N,N,N,N,N,N,N,Hints and Tips,Recommended,N,N,N,N,N,N,N,N,N,N,5,Y,N,Class IIIA,1,N,N,1,N,N,,,,N,,Y,"Ethane-1,2-diyl diacetate [Ethylene glycol diacetate]",N,N,N,3,N,N,3,1,N,,N,N,N,N,N,T1,N,1,1,,,,,,1.103,190.5,1.1,,2.34,,,,,,1666,10,524,,-31,-0.216736,3.40473,-0.0766134,0.349723,2.52044,1.42,,,
-1.52095,-0.12567,N,N,N,N,N,N,N,Hints and Tips,Hazardous,N,N,N,N,N,N,N,N,N,N,5,N,Y,Class IB,3,N,N,5,N,N,,,,N,,N,Tetrahydropyran,N,N,N,1,N,N,0,8,N,,N,N,N,N,N,Not Assigned,N,0,,,,,,,0.763,88,0.882,5.7,1.74,0.18,22,,,,1940,8.8,342,0.82,-49,-0.12567,-1.52095,-2.62929,-1.72474,-1.15191,1.42,0,0.54,0.51
2.86111,-0.0392702,N,N,N,N,N,N,N,Hints and Tips,Hazardous,N,N,N,N,N,N,N,N,N,N,5,Y,Y,Class II,2,N,N,9,N,N,,,,N,,N,2-Ethoxyethyl Acetate,N,N,N,3,N,N,3,4,N,,N,N,N,N,N,T2,N,1,1,,,,,,1.087,156.3,0.97,,2.25,,,7.8,5.2,2.3,2021,9.4,329,,-61.7,-0.0392702,2.86111,-0.639804,-1.252,1.15176,1.4,,,
0.775803,0.0768134,N,N,N,N,N,N,N,Hints and Tips,Recommended,N,N,N,N,N,N,N,N,N,N,3,N,N,Class IC,3,N,N,6,N,N,,,,Y,,N,"Hexan-2-one [Methylbutylketone, MBK]",N,N,N,0,N,N,0,3,N,,N,N,N,N,N,T2,N,0,1,0,0.51,3.26,0.68,0.14,0.97,127.5,0.807,14.6,2.68,0.29,,,,,2627,,476,1.38,-55.8,0.0768134,0.775803,-1.57643,-1.18064,0.506916,1.401,,,
-0.7808,0.187871,N,N,N,N,N,N,N,Hints and Tips,Recommended,N,N,N,N,N,N,N,N,N,N,3,Y,N,Class IB,3,N,N,2,N,N,3,1,1,N,2,N,iso-Propyl Acetate,N,N,N,0,N,N,0,4,N,1,N,N,N,N,N,T1,N,0,2,0,0.47,,0.57,0.06,0.888,88.5,0.87,,1.75,,17.5,,,,2201,8.6,348,1.22,-73.4,0.187871,-0.7808,-1.56879,-2.27746,1.01566,1.38,,,
4.80323,0.23767,N,N,N,N,N,N,N,Hints and Tips,Problematic,N,Y,N,N,N,N,N,N,N,N,7,N,N,Class IIIA,1,N,N,6,N,N,,,,Y,,N,"3,5,5-Trimethylcyclohex-2-enone [Isophorone]",N,N,N,4,N,N,4,1,N,,N,N,N,N,N,T1,N,1,1,,,,,,1.241,215.3,0.92,,3.99,,,,,,1995,9.4,308,1.7,-8.1,0.23767,4.80323,-1.20272,1.43987,0.162161,1.48,,,
2.80977,0.267422,N,N,N,N,N,N,N,Hints and Tips,Problematic,Y,N,N,N,N,N,N,N,N,N,7,N,Y,Class IIIB,1,N,N,2,N,N,,,,N,,Not Determined,PPh Glycol Ether [Propylene glycol phenyl ether],N,N,N,8,N,N,4,1,N,,N,N,N,N,N,T1,N,,,,,,,,1.257,243,1.063,,,,,8.5,5.6,2.6,,,,,19,0.267422,2.80977,3.35628,4.0458,-0.798908,,,,
0.437413,0.296798,N,N,N,N,N,N,N,Hints and Tips,Problematic,N,N,N,N,N,N,N,N,N,N,5,N,N,Class IB,3,N,N,5,N,N,,,,Y,,N,"3,3-Dimethyl-2-butanone [MTBK]",N,N,N,0,N,N,0,4,N,,N,N,N,N,N,Not Assigned,N,0,2,0,0.51,,0.62,0.11,0.97,106.5,0.801,12.7,2.79,0.256,17,,,,2561,8.2,368,1.2,-49.8,0.296798,0.437413,-1.87148,-1.47586,0.244384,1.395,,0.48,
-0.61374,0.370835,N,N,N,N,N,N,N,Hints and Tips,Recommended,N,N,N,N,N,N,N,N,N,N,3,Y,N,Class IB,3,N,N,2,N,N,,,,N,,N,n-Propyl acetate,N,N,N,0,N,N,0,4,N,,N,N,N,N,N,T2,N,0,2,0,0.45,2.82,0.6,0.09,0.888,101.6,0.883,6,1.79,0.21,16,,,,2159,8.8,345,1.24,-95,0.370835,-0.61374,-1.46604,-2.01997,1.20246,1.384,,,
-0.366777,0.383056,N,N,N,N,N,N,N,Hints and Tips,Problematic,N,N,N,N,N,N,Y,N,N,N,7,N,N,Class IIIA,1,N,N,6,N,N,,,,N,,N,Benzonitrile,Y,N,N,0,N,N,0,1,N,,N,N,N,N,N,T1,N,1,1,0,0.33,4.04,1.11,0.74,0.871,190.7,1.001,25.2,4.28,0.333,13,8.5,1.6,4.4,1600,10.7,200,1.56,-12.8,0.383056,-0.366777,-2.01768,4.56559,1.60245,1.528,0,0.41,0.9
3.77853,0.386778,N,N,N,N,N,N,N,Hints and Tips,Problematic,N,N,N,N,N,N,N,N,N,N,5,Y,Y,Class IIIB,1,N,N,5,N,N,,,,N,,Not Determined,PGDA Glycol Ether [Propylene glycol diacetate],N,N,N,8,N,N,4,1,N,,N,N,N,N,N,T2,N,,,,,,,,1.244,190,1.056,,,,,7.7,4.3,1.7,,,,,-75,0.386778,3.77853,0.2427,-0.306994,2.03981,1.415,,,
-1.249,0.414017,N,N,N,N,N,N,N,Hints and Tips,Problematic,N,N,N,N,N,N,N,N,N,N,5,Y,N,Class IB,3,N,N,2,N,N,,,,N,,N,Butyl Formate,N,N,N,0,N,N,0,5,N,,N,N,N,N,N,T2,N,0,2,0,0.38,2.96,0.63,0.12,0.888,106.1,0.89,,2.03,,,,,,2194,8.9,361,,-91.9,0.414017,-1.249,-1.19832,-1.51051,1.88263,1.39,,,
-6.55056,0.447314,N,N,N,N,N,N,N,Hints and Tips,Hazardous,N,N,N,N,N,N,N,Y,N,Y,5,N,N,Not Assigned,Not Assigned,N,Y,7,N,N,2,,,N,,N,Chloroform,N,N,N,6,N,N,2,2,N,,N,N,N,N,N,Not Assigned,N,0,3,0.15,0.02,2.48,0.49,0.43,-0.262,61.2,1.48,4.9,1.02,0.259,4,8.7,2.8,1.5,646,9.2,119,1.97,-63.2,0.447314,-6.55056,0.116041,0.956611,0.384643,1.446,0.44,0,0.58
-4.90128,0.449577,N,N,N,N,N,N,N,Hints and Tips,Highly Hazardous,N,N,N,N,N,N,N,Y,N,Y,3,N,N,Class IB,3,N,Y,10,N,N,1,,,N,,N,"1,2-Dichloroethane",N,N,N,2,N,N,2,4,N,,N,N,N,N,N,T2,N,0,2,0.1,0.11,2.57,0.64,0.42,0.635,83.7,1.246,10.7,1.6,0.327,0.1,9.3,2,3.6,1045,9.9,372,1.48,-35.7,0.449577,-4.90128,-1.44113,1.87061,2.20725,1.445,0,0,0.81
8.27183,0.478516,N,N,N,N,N,N,N,Hints and Tips,Problematic,N,N,N,N,N,N,N,N,N,N,7,Y,N,Class IIIB,1,N,N,1,N,N,,,,N,,N,"Triacetin [1,2,3-triacetoxypropane]",N,N,N,8,N,N,4,2,N,,N,N,N,N,N,T2,N,,1,,,,,,1.6,258,1.155,7,2.73,0.299,,,,,1522,10.7,,0.25,4.1,0.478516,8.27183,1.96447,1.5273,4.03999,1.428,,,
-5.33024,0.491969,N,N,N,N,N,N,N,Hints and Tips,Problematic,N,Y,N,N,N,N,N,Y,N,Y,7,N,N,Class IB,3,N,Y,6,N,N,,,,N,,N,"(E)-1,2-Dichloroethene",N,N,N,2,N,N,2,5,N,,N,N,N,N,N,T1,N,0,3,0.09,0.05,2.28,0.41,0.43,0.592,60.2,1.276,9.2,2.95,,0,,,,901,9.5,247,1.86,-81.5,0.491969,-5.33024,-1.52464,1.85403,0.440174,1.449,,,
1.06345,0.496093,N,N,N,N,N,N,N,Hints and Tips,Problematic,N,N,N,N,N,N,N,N,N,N,5,N,N,Class II,2,N,N,5,N,N,,,,Y,,N,2-Methylcyclohexanone,N,N,N,0,N,N,0,3,N,,N,N,N,N,N,T3,N,,,,,,,,1.002,162,0.925,,,,,,,,,,,1.25,-14,0.496093,1.06345,-1.75776,0.0507666,-0.592298,1.448,,,
-0.939867,0.538726,N,N,N,N,N,N,N,Hints and Tips,Problematic,N,N,N,N,N,N,N,N,N,N,5,Y,N,Class IB,3,N,N,5,N,N,,,,N,,N,Ethyl propionate,N,N,N,0,N,N,0,4,N,,N,N,N,N,N,T1,N,0,2,,,,,,0.888,99,0.88,,1.75,,17.1,,,,,8.8,438,1.21,-73.9,0.538726,-0.939867,-1.48334,-2.28471,1.03072,1.38,0,0.42,0.47
0.332404,0.593996,N,N,N,N,N,N,N,Hints and Tips,Recommended,N,N,N,N,N,N,N,N,N,N,3,N,N,Class IB,3,N,N,2,N,N,3,1,1,Y,,N,MIBK [Methyl iso-Butyl Ketone or 4-Methyl-2-pentanone],N,N,N,0,N,N,0,4,N,1,N,N,N,N,N,T1,N,0,1,0,0.51,,0.65,0.11,0.97,116.2,0.798,13.1,2.69,0.269,16,7.5,2,3,2571,8.6,359,1.31,-84.7,0.593996,0.332404,-1.82072,-1.2971,0.464529,1.396,,,
1.89399,0.628601,N,N,N,N,N,N,N,Hints and Tips,Problematic,N,N,N,N,N,N,Y,N,N,N,5,N,N,Class IC,3,N,N,5,Y,N,,,,N,,N,"2,6-Dimethylpyridine [2,6-Lutidine]",N,N,Y,0,N,N,0,4,N,,N,N,N,N,N,Not Assigned,N,0,1,0,0.62,3.76,0.7,0.61,0.957,144.1,0.918,7.3,1.68,0.191,,,,,1868,9.4,319,1.68,-6.2,0.628601,1.89399,-1.38012,0.88065,-1.48847,1.497,0,0.76,0.8
-0.978522,0.635703,N,N,N,N,N,N,N,Hints and Tips,Problematic,N,N,N,N,N,N,N,N,N,N,5,Y,N,Class IB,3,N,N,5,N,N,,,,N,,N,Methyl Butyrate,N,N,N,0,N,N,0,4,N,,N,N,N,N,N,Not Assigned,N,0,2,,,,,,0.888,102.8,0.891,5.5,1.72,,,,,,2165,8.8,561,1.29,-85.8,0.635703,-0.978522,-1.23137,-1.90409,1.16351,1.386,,,
-0.827949,0.64183,N,N,N,N,N,N,N,Hints and Tips,Problematic,N,N,N,N,N,N,N,N,N,N,5,N,N,Class II,2,N,N,5,N,N,,,,N,,N,Hexanenitrile,Y,N,N,0,N,N,0,4,N,,N,N,N,N,N,Not Assigned,N,0,1,,,,,,0.968,163.6,0.801,17.3,3.48,,,,,,2763,9.5,476,1.66,-80.3,0.64183,-0.827949,-0.863312,-0.339888,3.10634,1.407,,,
-2.09667,0.74113,N,N,N,N,N,N,N,Hints and Tips,Highly Hazardous,N,N,N,N,N,N,N,Y,N,N,7,N,Y,Class IA,3,N,N,3,N,N,3,1,2,N,,N,Diethyl Ether [Ether],N,N,N,2,N,N,0,10,N,3,N,N,N,N,N,T4,N,0,3,0,0.45,2.02,0.25,0.04,0.731,34.7,0.708,4.4,1.11,0.117,19.2,7.1,2.5,1.4,3265,7.5,441,0.89,-116.3,0.74113,-2.09667,-2.27144,-3.98644,-0.843687,1.352,0,0.47,0.27
7.20545,0.844019,N,N,N,N,N,N,N,Hints and Tips,Recommended,N,N,N,N,N,N,N,N,N,N,5,N,Y,Class IIIA,1,N,N,3,N,N,,,,N,,Not Determined,Diethyleneglycol diethyl ether,N,N,N,8,N,N,4,2,N,,N,N,N,N,N,T3,N,1,1,,,,,,1.412,189.3,0.906,5.7,1.96,0.21,,,,,2438,8.7,81,0.39,-44.3,0.844019,7.20545,0.165157,-2.46977,-0.429913,1.412,,,
-0.723091,0.852347,N,N,N,N,N,N,N,Hints and Tips,Hazardous,N,N,N,N,N,N,Y,N,N,N,7,N,N,Class IIIA,1,N,N,9,N,N,,,,N,,N,Nitrobenzene,N,Y,N,0,N,N,0,2,N,,N,N,N,N,N,T1,N,1,1,0,0.28,4.56,1.11,0.87,0.891,210,1.198,36.1,4.23,0.324,8.1,9.8,2,4.2,1231,11.1,288,1.85,5.8,0.852347,-0.723091,-1.52101,5.54315,2.8035,1.556,0,0.39,1.01
-0.41397,0.869318,N,N,N,N,N,N,N,Hints and Tips,Problematic,N,N,N,N,N,N,N,N,N,N,5,N,Y,Class IB,3,N,N,6,N,N,,,,N,,N,"2,2-Dimethoxypropane",N,N,N,0,Y,N,0,6,N,,N,N,N,N,N,T2,N,,2,,,,,,0.931,81,0.848,,,,,,,,,7.4,,,-47,0.869318,-0.41397,-1.53377,-3.06077,-0.508318,1.378,,,
-5.24096,0.884069,N,N,N,N,N,N,N,Hints and Tips,Problematic,N,N,N,N,N,N,N,Y,N,Y,5,N,N,Class IB,3,N,Y,3,N,N,,,,N,,N,"1,1-Dichloroethane",N,N,N,2,N,N,2,5,N,,N,N,N,N,N,T1,N,0,3,0.1,0.1,2.32,0.49,0.32,0.635,57.3,1.168,10,2.35,0.27,,8.1,0.2,4,1089,8.9,192,1.79,-97,0.884069,-5.24096,-1.47983,0.228239,2.12883,1.416,,,
-1.18203,0.922674,N,N,N,N,N,N,N,Hints and Tips,Hazardous,N,N,N,N,N,N,N,N,N,N,5,N,Y,Class IB,3,N,N,3,N,N,3,1,2,N,2,N,MTBE [tert-Butylmethylether],N,N,N,2,N,N,0,8,N,1,N,N,N,N,N,T1,N,0,3,,,,,,0.872,55.2,0.735,4.5,1.36,0.124,,,,,2869,7.4,389,0.94,-108.6,0.922674,-1.18203,-2.01444,-2.98548,-0.762469,1.369,,,
3.81141,0.930551,N,N,N,N,N,N,N,Hints and Tips,Problematic,N,N,N,N,N,N,N,N,N,N,5,Y,N,Not Assigned,Not Assigned,N,N,5,N,N,,,,N,,N,"1,2-Diacetoxypropane",N,N,N,8,N,N,4,1,N,,N,N,N,N,N,Not Assigned,N,,,,,,,,1.244,186,1.06,,,,,,,,,,,,-31,0.930551,3.81141,0.543572,-0.460096,2.31403,1.413,,,
-2.72708,0.977991,N,N,N,N,N,N,N,Hints and Tips,Recommended,N,N,N,N,N,N,N,N,N,N,3,N,N,Class IB,3,N,N,2,N,N,,,,N,,N,Tetrahydrothiophene,N,N,N,2,N,N,2,5,N,,Y,N,N,N,Y,T3,N,1,1,,,,,,0.727,119.2,0.994,8.6,1.89,0.19,,,,,1585,10,370,,-96.2,0.977991,-2.72708,-2.69631,2.30842,-1.83147,1.529,,,
2.33226,0.978998,N,N,N,N,N,N,N,Hints and Tips,Problematic,Y,N,N,N,N,N,N,N,N,N,7,N,Y,Class IIIA,1,N,N,1,N,N,,,,N,,Not Determined,PnB Glycol Ether [3-Butoxypropan-2-ol],N,N,N,8,N,N,4,2,N,,N,N,N,N,N,T3,N,1,,,,,,,1.212,171,0.879,,,,,7.3,5.2,2.4,,9.3,507,,-80,0.978998,2.33226,0.14015,-1.38571,0.452169,,,,
4.73123,0.982668,N,N,N,N,N,N,N,Hints and Tips,Problematic,N,N,N,N,N,N,N,N,N,N,5,Y,N,Class IIIB,1,N,N,5,N,N,,,,N,,N,Dimethyl Adipate,N,N,N,8,N,N,4,1,N,,N,N,N,N,N,T2,N,,,,,,,,1.385,109.5,1.063,,,,,,,,,,,1.03,8,0.982668,4.73123,0.443937,-0.453124,2.08847,1.428,,,
1.28492,0.993743,N,N,N,N,N,N,N,Hints and Tips,Problematic,Y,N,N,N,N,N,N,N,N,N,5,N,N,Class IIIB,1,N,N,5,N,N,,,,N,,Not Determined,2-Ethylhexanol,N,N,N,8,N,N,0,1,N,,N,N,N,N,N,T3,N,1,1,,,,,,1.295,184.6,0.692,,1.76,,,7.8,5.8,1.6,3456,10.2,665,,-70,0.993743,1.28492,4.38946,-0.582807,-0.597953,1.43,,,
2.88115,0.997698,N,N,N,N,N,N,N,Hints and Tips,Hazardous,N,N,N,N,N,N,Y,N,N,N,7,N,N,Class IIIB,1,N,N,9,Y,N,,,,N,,N,Quinoline,N,N,Y,4,N,N,4,2,N,,N,N,N,N,N,T1,N,1,1,0,0.54,5.46,0.97,1.27,1.044,237.7,1.093,9,2.25,0.269,32,9.5,3.7,3.4,1368,10.8,390,2.03,-14.9,0.997698,2.88115,-1.02765,5.82588,-1.51367,1.627,0,0.62,0.92
-3.95074,1.00541,N,N,N,N,N,N,N,Hints and Tips,Problematic,N,N,N,N,N,N,N,Y,N,Y,5,N,N,Not Assigned,Not Assigned,N,Y,6,N,N,,,,N,,N,"1,1,2-Trichloroethane",N,N,N,6,N,N,2,2,N,,N,N,N,N,N,T1,N,1,1,0.13,0.08,3.29,0.68,0.5,0.758,113.8,1.432,7.3,1.36,,,,,,735,9.9,198,2.38,-35.5,1.00541,-3.95074,0.821477,2.90385,2.20218,1.471,,,
1.97867,1.0484,N,N,N,N,N,N,N,Hints and Tips,Problematic,N,N,N,N,N,N,Y,N,N,N,7,N,N,Class IIIA,1,N,N,2,N,N,,,,Y,,N,Acetophenone,N,N,N,0,N,N,0,1,N,,N,N,N,N,N,T1,N,1,1,0,0.48,4.5,1.01,0.82,1.014,201.6,1.028,18.2,3.05,0.306,15,9.6,1.8,4.2,1648,10.6,263,1.63,19.6,1.0484,1.97867,-1.09144,4.02949,0.785961,1.534,,0.49,0.9
6.82277,1.13119,N,N,N,N,N,N,N,Hints and Tips,Problematic,Y,N,N,N,N,N,N,N,N,N,7,N,Y,Class IIIA,1,N,N,5,N,N,,,,N,,Not Determined,DPnP Glycol Ether [1-(1-propoxypropan-2-yloxy)propan-2-ol],N,N,N,8,N,N,4,1,N,,N,N,N,N,N,T3,N,,,,,,,,1.553,213,0.911,,,,,7.3,4.7,1.5,,,,,-75,1.13119,6.82277,0.803624,-1.6561,0.398027,,,,
0.44984,1.21158,N,N,N,N,N,N,N,Hints and Tips,Problematic,N,N,N,N,N,N,N,N,N,N,5,N,Y,Class IB,3,N,N,5,N,N,,,,N,,N,Tetramethoxymethane,N,N,N,0,N,N,0,6,N,,N,N,N,N,N,Not Assigned,N,,,,,,,,1.048,114,1.023,,,,,,,,,,,,-5,1.21158,0.44984,-0.793437,-2.73512,0.336434,1.385,,,
-3.99565,1.24996,N,N,N,N,N,N,N,Hints and Tips,Hazardous,N,N,N,N,N,N,N,Y,N,Y,7,N,N,Not Assigned,Not Assigned,N,Y,9,N,N,,,,N,,N,"1,1,2,2-Tetrachloroethane",N,N,N,6,N,N,2,2,N,,N,N,N,N,N,Not Assigned,N,1,1,,,,,,0.88,146.3,1.587,8.4,1.33,0.27,,9.2,4.6,2.5,620,9.8,112,2.39,-42.5,1.24996,-3.99565,2.62537,3.27509,0.920927,1.494,,0,0.95
4.99314,1.26165,N,N,N,N,N,N,N,Hints and Tips,Problematic,N,N,N,N,N,N,N,N,N,N,5,N,Y,Class IIIA,1,N,N,5,N,N,,,,N,,N,2-Methoxy-1-[(1-methoxy-2-propanyl)oxy]propane [Propylene Glycol Dimethyl Ether],N,N,N,4,N,N,4,2,N,,N,N,N,N,N,Not Assigned,N,,,,,,,,1.412,,0.953,,,,,,,,1351,,234,,,1.26165,4.99314,-0.038045,-1.62979,-0.417405,,,,
-3.46526,1.29514,N,N,N,N,N,N,N,Hints and Tips,Problematic,N,N,N,N,N,N,N,Y,N,N,5,N,N,Class IIIB,1,N,Y,7,N,N,,,,N,,N,DiIodomethane,N,N,N,2,N,N,2,2,N,,N,N,N,N,N,Not Assigned,N,1,1,0.05,0.23,3.86,0.69,1.45,0.766,182,3.308,5.3,1.15,0.179,,8.7,2.7,1.9,128,11.8,38,2.5,6.1,1.29514,-3.46526,-1.53425,8.56989,-1.40893,1.74,,0,1.12
0.124708,1.326,N,N,N,N,N,N,N,Hints and Tips,Recommended,N,N,N,N,N,N,N,N,N,N,3,Y,N,Class IB,3,N,N,2,N,N,3,,,N,,N,iso-Butyl Acetate,N,N,N,0,N,N,0,4,N,,N,N,N,N,N,T2,N,0,1,0,0.47,,0.57,0.05,1.028,117.3,0.87,5.6,1.87,,,7.4,3.1,1.8,2225,8.4,314,1.78,-98.9,1.326,0.124708,-0.885963,-2.02613,1.2386,1.39,,,
5.27547,1.33946,N,N,N,N,N,N,N,Hints and Tips,Problematic,N,N,N,N,N,N,N,N,N,N,5,N,Y,Class IIIA,1,N,N,5,N,N,,,,N,,Not Determined,Dipropylene Glycol Dimethyl Ether,N,N,N,8,N,N,4,2,N,,N,N,N,N,N,T4,N,,,,,,,,1.412,175,0.903,,,,,14.9,1.9,1,,,,,-71,1.33946,5.27547,0.0709312,-2.02499,-0.279248,,,,
-6.41141,1.42072,N,N,N,N,N,N,N,Hints and Tips,Hazardous,N,Y,N,N,N,N,N,Y,N,Y,7,N,N,Class IA,3,N,Y,7,N,N,1,,,N,,N,"1,1-Dichloroethene",N,N,N,2,N,N,2,6,N,,N,N,N,N,N,T1,N,0,3,0,0.05,2.11,0.34,0.36,0.592,31.6,1.175,4.8,1.25,0.19,,8.3,2.2,3.3,967,8.5,197,2.13,-122.6,1.42072,-6.41141,-1.7826,-0.47086,1.38552,1.425,,,
-5.18831,1.42377,N,N,N,N,N,N,N,Hints and Tips,Hazardous,N,N,N,N,N,N,Y,N,N,N,7,N,N,Class IA,3,N,N,10,N,N,,,,N,,N,Furan,N,N,N,2,N,N,2,8,N,,N,N,N,N,N,T2,N,0,3,0,0.13,1.83,0.53,0.37,0.536,31.4,0.931,2.9,0.69,0.16,6,8.7,2.6,0.9,1792,9.1,419,1.34,-85.6,1.42377,-5.18831,-2.06609,0.408705,-1.10063,1.421,,,
1.86028,1.49333,N,N,N,Y,N,N,N,Hints and Tips,Problematic,N,N,N,Y,N,N,N,N,N,N,5,N,N,Class IB,3,N,N,7,N,N,,,,N,,N,Dipropylamine,N,N,Y,4,N,N,0,5,N,,N,N,N,N,N,T3,N,0,2,0.08,0.69,3.35,0.3,0.12,1.054,109.3,0.73,,1.07,,40,7.5,2,0.7,,8,249,1.67,-63,1.49333,1.86028,-0.913092,-2.88531,-2.63241,1.4,,,
7.50988,1.51749,N,N,N,N,N,N,N,Hints and Tips,Problematic,Y,N,N,N,N,N,N,N,N,N,7,N,Y,Class IIIB,1,N,N,4,N,N,,,,N,,N,Hexyl Carbitol [2-[2-(Hexyloxy)ethoxy]ethanol],N,N,N,8,N,N,4,2,N,,N,N,N,N,N,T2,N,1,,,,,,,1.694,254,0.932,,,,,7.8,4.9,2.9,2378,,886,,-34,1.51749,7.50988,3.28973,-0.49155,1.04222,1.438,,,
-0.243731,1.55145,N,N,N,N,N,N,N,Hints and Tips,Problematic,N,N,N,N,N,N,N,N,N,N,5,Y,N,Class IC,3,N,N,5,N,N,,,,N,,N,Ethyl butyrate,N,N,N,0,N,N,0,3,N,,N,N,N,N,N,T1,N,0,1,,,,,,1.028,120.9,0.87,,1.91,,16.8,,,,2241,8.3,204,,-98,1.55145,-0.243731,-0.823583,-1.99333,1.0978,1.39,,,
3.62398,1.55829,N,N,N,N,N,N,N,Hints and Tips,Problematic,Y,N,N,N,N,N,N,N,N,N,7,Y,N,Class IIIB,1,N,N,5,N,N,,,,N,,N,"2,2,4-Trimethyl-1,3-pentanediol 1-isobutyrate",N,N,N,8,N,N,4,2,N,,N,N,N,N,N,Not Assigned,N,,,,,,,,1.933,255,0.787,,,,,7.4,4.8,3,,,,,,1.55829,3.62398,0.502074,-0.183229,1.15012,,,,
-1.2353,1.56217,N,N,N,N,N,N,N,Hints and Tips,Problematic,N,N,N,N,N,N,N,N,N,N,5,N,Y,Class IB,3,N,N,2,N,N,,,,N,,N,CPME [Cyclopentyl Methyl Ether],N,N,N,2,N,N,0,7,N,,N,N,N,N,N,T4,N,,,,,,,,0.904,106,0.86,4.8,1.27,,,6.9,2.5,1.6,,8.4,,1.59,-140,1.56217,-1.2353,-1.75856,-1.75934,-1.09553,1.419,,,
9.42668,1.57178,N,N,N,N,N,N,N,Hints and Tips,Problematic,Y,N,N,N,N,N,N,N,N,N,7,N,Y,Class IIIB,1,N,N,1,N,N,,,,N,,Not Determined,TPM Glycol Ether [Tripropylene glycol methyl ether],N,N,N,8,N,N,4,1,N,,N,N,N,N,N,T3,N,,1,,,,,,1.752,243,0.966,,3.57,,,7.4,5.6,1.7,,8.9,,,-78,1.57178,9.42668,1.45753,-0.908463,0.824127,1.43,,,
0.124714,1.58361,N,N,N,N,N,N,N,Hints and Tips,Recommended,N,N,N,N,N,N,N,N,N,N,3,Y,N,Class IB,3,N,N,2,N,N,3,1,1,N,1,N,n-Butyl Acetate,N,N,N,0,N,N,0,4,N,1,N,N,N,N,N,T2,N,0,1,0,0.45,3.35,0.6,0.07,1.028,125.9,0.876,5,1.86,0.241,15,7.7,3.1,1.8,,8.7,234,1.82,-73.5,1.58361,0.124714,-0.800722,-1.90324,1.18449,1.394,0,,0.46
-0.540137,1.593,N,N,N,N,N,N,N,Hints and Tips,Recommended,N,N,N,N,N,N,N,N,Y,N,3,N,N,Class IC,3,N,N,5,N,N,,,,N,,N,Diethyl Carbonate,N,N,N,0,N,N,0,2,N,,N,N,N,N,N,T2,N,0,1,,,,,,0.946,126.5,0.969,2.9,1.07,0.185,16,8.1,3,1.5,1913,8.5,215,1.21,-43,1.593,-0.540137,-0.641984,-2.3487,1.28387,1.384,0,0.4,0.45
2.94909,1.62682,N,N,N,N,N,N,N,Hints and Tips,Problematic,N,N,N,N,N,N,N,N,N,N,5,N,Y,Class IC,3,N,N,1,N,N,,,,N,,Not Determined,Triethoxymethane [Triethyl orthoformate],N,N,N,8,Y,N,4,5,N,,N,N,N,N,N,T4,N,,,,,,,,1.271,145,0.891,,,,,,,,,,,,-61,1.62682,2.94909,0.00291251,-2.29583,0.776792,1.391,,,
-0.955885,1.63624,N,N,N,N,N,N,N,Hints and Tips,Problematic,N,N,N,N,N,Y,Y,N,N,N,7,N,N,Class IIIA,1,N,N,6,N,N,,,,N,,N,N-Methylaniline,N,N,Y,0,N,N,0,1,N,,N,N,N,N,N,T1,N,1,1,,,,,,0.957,195.9,0.982,5.9,1.73,0.36,33,,,,1946,10.6,382,1.66,-57,1.63624,-0.955885,0.70064,5.37834,-2.34949,1.571,,,
1.13918,1.73737,N,N,N,Y,N,N,N,Hints and Tips,Hazardous,N,N,N,Y,N,N,N,N,N,N,5,N,N,Class IB,3,N,N,8,N,N,,,,N,,N,Diisopropylamine,N,N,Y,0,N,N,0,6,N,,N,N,N,N,N,T2,N,0,2,,,,,,1.054,83.9,0.71,3,1.02,,,,,,3001,7.4,542,1.4,-96.3,1.73737,1.13918,-1.37056,-2.87883,-2.66141,1.392,,,
0.750799,1.79938,N,N,N,N,N,N,N,Hints and Tips,Problematic,N,N,N,N,N,N,N,N,N,N,5,N,N,Class IB,3,N,N,5,N,N,,,,Y,,N,"2,4-Dimethyl-3-pentanone [Diisopropyl ketone]",N,N,N,0,N,N,0,4,N,,N,N,N,N,N,T2,N,0,1,,,,,,1.111,125.3,0.799,17.1,2.76,0.247,16.2,,,,2561,8.7,332,1.86,-69,1.79938,0.750799,-1.22962,-0.884622,0.143899,1.4,,,
-1.62147,1.96463,N,N,N,N,N,N,N,Hints and Tips,Problematic,N,N,N,N,N,N,N,N,N,N,7,N,N,Class IIIA,1,N,N,5,N,N,,,,N,,Not Determined,"1,3-Dithiolane",N,N,N,2,N,N,2,2,N,,Y,N,N,N,Y,T3,N,,,,,,,,0.75,183,1.235,,,,,,,,,,,,,1.96463,-1.62147,-1.88487,5.26654,-1.18131,1.599,,,
-4.43191,1.97354,N,N,N,N,N,N,N,Hints and Tips,Recommended,N,N,N,N,N,N,Y,N,N,N,3,N,N,Class IB,3,N,N,3,N,N,,,,N,,N,Thiophene,N,N,N,2,N,N,2,6,N,,Y,N,N,N,Y,T2,N,0,2,0,0.15,2.82,0.56,0.69,0.641,84.1,1.059,2.7,0.56,0.14,,,,,1367,9.8,315,1.81,-38.1,1.97354,-4.43191,-1.73699,2.78925,-1.51483,1.529,,,
-0.0824705,1.97897,N,N,N,N,N,N,N,Hints and Tips,Problematic,N,N,N,N,N,N,N,N,N,N,5,Y,Y,Class IIIB,1,N,N,5,N,N,,,,N,,N,Ethyl 3-Ethoxypropionate,N,N,N,0,N,N,0,3,N,,N,N,N,N,N,T2,N,1,1,,,,,,1.228,169.7,0.789,,0,,,7.6,4.3,1.6,2407,9,437,,,1.97897,-0.0824705,0.203245,-2.74958,1.68665,1.4,,,
-5.64124,2.03275,N,N,N,N,N,N,N,Hints and Tips,Problematic,N,Y,N,N,N,N,N,Y,N,Y,5,N,N,Class IB,3,N,Y,6,N,N,,,,N,,N,"(Z)-1,2-Dichloroethene",N,N,N,2,N,N,2,5,N,,N,N,N,N,N,T1,N,0,3,0.11,0.05,2.44,0.61,0.44,0.592,47.7,1.246,2.3,0,,0,,,,917,9.1,287,1.93,-49.4,2.03275,-5.64124,-0.768073,0.930582,-0.665294,1.446,0,0,0.44
2.62706,2.0427,N,N,N,N,N,N,N,Hints and Tips,Problematic,Y,N,N,N,N,N,N,N,N,N,7,N,N,Class IIIA,1,N,N,5,N,N,,,,N,,N,1-Nonanol,N,N,N,8,N,N,4,1,N,,N,N,N,N,N,T3,N,2,1,,,,,,1.435,213.5,0.82,,1.61,,,,,,2821,10.1,1565,4.02,-5,2.0427,2.62706,5.52872,-0.425519,-0.637282,1.43,,,
2.48903,2.05009,N,N,N,N,N,N,N,Hints and Tips,Problematic,N,N,N,N,N,N,N,N,N,N,3,N,Y,Class IB,3,N,N,5,N,N,,1,2,N,,N,2-Methyltetrahydrofuran [2-MeTHF],N,N,N,4,N,N,4,6,N,1,N,N,N,N,N,T3,N,0,,0,0.53,2.82,0.48,0.24,0.763,80,0.86,7,1.06,0.179,12,8.3,3,1.9,2102,8.5,298,1.85,-136,2.05009,2.48903,-4.41974,2.44756,-10.5634,1.408,,,
-7.05012,2.09631,N,N,N,N,N,N,N,Hints and Tips,Highly Hazardous,N,N,N,N,N,N,N,Y,N,N,7,N,N,Class IB,3,N,N,7,N,N,,,,N,,N,Carbon Disulfide,N,N,N,2,Y,N,2,9,N,,N,N,N,N,N,T6,N,0,3,0,0.07,2.35,0.21,0.88,0.491,46.2,1.263,2.6,0,0.065,2,10,0.3,0,817,9.9,257,1.94,-111.6,2.09631,-7.05012,-3.08796,3.13969,-2.90962,1.623,,,
0.919083,2.31147,N,N,N,N,N,N,N,Hints and Tips,Recommended,N,N,N,N,N,N,N,N,N,N,5,Y,N,Class IC,3,N,N,1,N,N,,,,N,,N,Isopentyl Acetate [Isoamyl acetate],N,N,N,0,N,N,0,3,N,,N,N,N,N,N,T2,N,0,1,,,,,,1.169,142.1,0.866,4.6,1.84,,,,,,2281,8.3,327,,-78.5,2.31147,0.919083,-0.157217,-1.58837,1.30269,1.401,,,
4.24022,2.37524,N,N,N,N,N,N,N,Hints and Tips,Recommended,N,N,N,N,N,N,N,Y,N,N,5,Y,Y,Class IIIA,1,N,N,2,N,N,,,,N,,Not Determined,Butyl Cellosolve Acetate,N,N,N,8,N,N,4,1,N,,N,N,N,N,N,Not Assigned,N,1,1,,,,,,1.369,191.7,0.942,,,,,7.8,4.3,2.2,2134,8.9,399,,-64,2.37524,4.24022,0.7754,-0.908827,1.39509,1.413,,,
-4.13794,2.40627,N,N,N,N,N,N,N,Hints and Tips,Problematic,N,N,N,N,N,N,Y,N,N,N,5,N,N,Class IB,3,Y,Y,6,N,N,,,,N,,N,Fluorobenzene,N,N,N,2,N,N,2,5,N,,N,N,N,N,N,Not Assigned,N,0,2,0,0.1,2.79,0.57,0.48,0.734,85.3,1.023,5.6,1.61,0.194,3,,,,1476,9.1,289,2.27,-42.2,2.40627,-4.13794,-1.66597,1.61796,-0.0898876,1.465,0,,0.62
7.4026,2.40804,N,N,N,N,N,N,N,Hints and Tips,Problematic,Y,N,N,N,N,N,N,N,N,N,7,N,Y,Class IIIB,1,N,N,5,N,N,,,,N,,Not Determined,DPnB Glycol Ether [Dipropylene glycol n-butyl ether],N,N,N,8,N,N,4,1,N,,N,N,N,N,N,T4,N,1,,,,,,,1.694,230,0.911,,,,,7.2,4.3,1.2,,,277,,-75,2.40804,7.4026,1.63708,-1.40445,0.605032,,,,
1.04865,2.41815,N,N,N,N,N,N,N,Hints and Tips,Recommended,N,N,N,N,N,N,N,N,N,N,5,Y,N,Class IC,3,N,N,2,N,N,,,,N,,N,n-Pentyl Acetate,N,N,N,4,N,N,4,3,N,,N,N,N,N,N,T2,N,0,1,0,0.45,3.84,0.6,0.07,1.169,146,0.88,,1.93,,,,,,2254,8.4,294,,-70.8,2.41815,1.04865,-0.111091,-1.67326,1.35817,1.4,,,
-0.273683,2.44956,N,N,N,N,N,N,N,Hints and Tips,Hazardous,N,N,N,N,N,N,N,Y,N,N,5,N,Y,Class IB,3,N,N,3,N,N,,,,N,,N,Di-isopropylether,N,N,N,2,N,N,0,9,N,,N,N,N,N,N,T2,N,0,2,0,0.41,,0.19,0,1.013,68.3,0.719,4,1.13,0.105,19,,,,2918,7.1,419,1.52,-85.5,2.44956,-0.273683,-1.01215,-3.40894,-0.903594,1.368,0,0.49,0.27
-1.01574,2.63178,N,N,N,N,N,N,N,Hints and Tips,Recommended,N,N,N,N,N,N,N,N,N,N,3,N,Y,Class IB,3,N,N,2,N,N,,,,N,,N,TAME [tert-amyl methyl ether],N,N,N,2,N,N,2,6,N,,N,N,N,N,N,T2,N,0,2,,,,,,1.013,86.3,0.766,,0,0.114,,6.5,1.9,3,2717,7.6,382,1.6,-80,2.63178,-1.01574,-1.22264,-2.52185,-0.976246,1.388,,,
-0.662813,2.69426,N,N,N,N,N,N,N,Hints and Tips,Hazardous,N,N,N,N,N,N,N,N,N,N,5,N,Y,Class IB,3,N,N,5,N,N,,,,N,,N,Di-n-propylether,N,N,N,2,N,N,2,8,N,,N,N,N,N,N,T3,N,0,2,0,0.45,2.95,0.25,0.01,1.013,90.1,0.736,3.4,1.12,0.102,17.8,,,,2927,7.6,381,2.03,-123.2,2.69426,-0.662813,-0.844698,-3.21789,-0.680355,1.381,0,0.46,0.27
3.55864,2.78726,N,N,N,Y,N,N,N,Hints and Tips,Hazardous,N,N,N,Y,N,N,N,N,N,N,3,N,N,Class II,2,N,N,9,N,N,,,,N,,N,Dibutylamine,N,N,Y,8,N,N,4,3,N,,N,N,N,N,N,T3,N,0,1,0.08,0.69,4.35,0.3,0.11,1.336,159.6,0.76,,0.98,,,,,,,8.2,59,2.68,-62,2.78726,3.55864,0.532734,-2.19684,-2.25272,1.42,,0.7,
0.21611,2.84839,N,N,N,N,N,Y,N,Hints and Tips,Hazardous,N,N,N,Y,N,N,N,N,N,N,3,N,N,Class IB,3,N,N,7,N,N,,2,2,N,2,N,Triethylamine,N,N,Y,4,N,N,4,6,N,1,N,N,N,N,N,T3,N,0,2,0,0.79,3.04,0.15,0.1,1.054,89.5,0.728,2.5,0.72,0.043,31.7,,,,2966,7.4,691,1.45,-114.7,2.84839,0.21611,-1.415,-3.48401,-3.6093,1.401,0,0.71,0.14
1.54701,2.96534,N,N,N,N,N,N,N,Hints and Tips,Problematic,N,N,N,N,N,N,Y,N,N,N,5,Y,N,Class IIIA,1,N,N,5,N,N,,,,N,,N,Methyl benzoate,N,N,N,4,N,N,4,1,N,,N,N,N,N,N,T1,N,1,1,0,0.46,4.7,0.85,0.73,1.073,199.1,1.084,6.6,1.92,,,,,,1458,10.2,248,2.2,-12.4,2.96534,1.54701,-0.093786,3.36085,0.582095,1.517,0,0.39,
-4.57856,3.00518,N,N,N,N,N,N,N,Hints and Tips,Hazardous,N,N,N,N,N,N,N,Y,N,Y,10,N,N,Not Assigned,Not Assigned,N,Y,7,N,N,1,,,N,,N,"1,1,1-Trichloroethane",N,N,N,2,N,N,2,6,N,,N,N,N,N,N,T1,N,0,2,0,0.09,2.73,0.41,0.37,0.758,74.1,1.339,7.3,1.9,0.17,,8.3,1,2.1,806,8.4,137,2.49,-30.4,3.00518,-4.57856,-1.29164,0.547217,1.42287,1.438,0,0,0.49
-4.40146,3.00563,N,N,N,N,N,N,N,Hints and Tips,Hazardous,N,Y,N,N,N,N,N,Y,N,Y,3,N,N,Not Assigned,Not Assigned,N,Y,9,N,N,,,,N,,N,Trichloroethene,N,N,N,2,N,N,2,4,N,,N,N,N,N,N,T2,N,0,2,0.08,0.03,,0.37,0.52,0.715,87.1,1.464,3.4,0.9,0.16,,8.8,2.6,1.5,2145,9.2,145,2.53,-86.4,3.00563,-4.40146,-0.449743,1.31188,-0.778767,1.477,0,0,0.53
-1.34203,3.0188,N,N,N,N,N,N,N,Hints and Tips,Recommended,N,N,N,N,N,N,Y,N,N,N,5,N,Y,Class II,2,N,N,1,N,N,3,1,2,N,,N,Anisole,N,N,N,2,N,N,2,4,N,3,N,N,N,N,N,T1,N,1,1,0,0.29,3.89,0.75,0.71,0.916,152,0.989,4.5,1.36,0.198,9,8.7,3.3,2,1780,9.7,379,2.11,-37.5,3.0188,-1.34203,-0.886833,2.91594,-1.1059,1.517,0,0.22,0.73
5.81533,3.09955,N,N,N,N,N,N,N,Hints and Tips,Problematic,N,N,N,N,N,N,N,N,N,N,5,Y,Y,Class IIIA,1,N,N,5,N,N,,,,N,,Not Determined,DPMA Glycol Ether [Dipropylene glycol methyl ether acetate],N,N,N,8,N,N,4,2,N,,N,N,N,N,N,T3,N,,1,,,,,,1.569,209,0.979,,0,,,7.4,2.1,2.6,,8.5,,,-25,3.09955,5.81533,1.21997,-0.913607,0.771386,,,,
-0.191582,3.12205,N,N,N,N,N,N,N,Hints and Tips,Problematic,N,N,N,N,N,Y,Y,N,N,N,7,N,N,Class IIIA,1,N,N,6,N,N,,,,N,,N,N-Ethylaniline,N,N,Y,6,N,N,2,2,N,,N,N,N,N,N,T1,N,1,1,,,,,,1.098,204.9,0.96,,1.7,,33,,,,1938,10.5,456,2.16,-63.5,3.12205,-0.191582,0.973793,4.94788,-2.22555,1.56,,,
-3.4936,3.2415,N,N,N,N,N,N,N,Hints and Tips,Problematic,N,N,N,N,N,N,N,Y,N,Y,7,N,N,Not Assigned,Not Assigned,N,Y,6,N,N,,,,N,,N,Pentachloroethane,N,N,N,6,N,N,2,2,N,,N,N,N,N,N,Not Assigned,N,1,1,,,,,,1.002,159.9,1.673,3.9,0.92,,,,,,510,9.3,90,2.89,-29,3.2415,-3.4936,2.23427,2.37733,0.485803,1.503,,0,0.62
-4.79837,3.24748,N,N,N,N,N,N,N,Hints and Tips,Highly Hazardous,N,N,N,N,N,N,Y,Y,N,N,3,N,N,Class IB,3,N,N,10,N,N,1,,,N,,N,Benzene,N,N,N,2,N,N,2,6,N,,N,N,N,N,N,T1,N,0,2,0,0.14,2.79,0.52,0.61,0.716,80.1,0.879,2.3,0,0.111,0.1,9,1,0,1963,9.2,453,2.13,5.5,3.24748,-4.79837,-1.63234,1.17202,-1.55152,1.501,0,0.1,0.59
-2.50062,3.26364,N,N,N,N,N,N,N,Hints and Tips,Problematic,N,N,N,N,N,N,Y,N,N,N,7,N,N,Class IB,3,Y,Y,5,N,N,,2,3,N,,N,Benzotrifluoride,N,N,N,2,N,N,2,5,N,3,N,N,N,N,N,T1,N,0,2,0,1,,0.48,0.23,0.91,102.1,1.18,,2.86,0.24,,,,,1083,8.2,231,3.01,-29,3.26364,-2.50062,-0.738734,0.416847,1.12556,1.41,,,
-3.34009,3.29928,N,N,N,N,N,N,N,Hints and Tips,Problematic,N,N,N,N,N,N,Y,N,N,Y,7,N,N,Class IC,3,N,Y,2,N,N,2,2,3,N,,N,Chlorobenzene,N,N,N,2,N,N,2,3,N,1,N,N,N,N,N,T1,N,0,1,0,0.07,3.66,0.65,0.72,0.839,131.7,1.106,5.7,1.72,0.188,3.3,9.3,1,2.1,1203,9.7,193,2.84,-45.6,3.29928,-3.34009,-1.28965,3.35378,-0.371296,1.525,0,0.07,0.71
1.96907,3.31021,N,N,N,N,N,N,N,Hints and Tips,Problematic,N,N,N,N,N,N,N,N,N,N,5,Y,N,Class II,2,N,N,1,N,N,,,,N,,N,Hexyl Acetate,N,N,N,8,N,N,4,4,N,,N,N,N,N,N,T3,N,1,1,0,0.45,4.35,0.6,0.06,1.31,171.6,0.87,,1.8,,,,,,2282,8.6,312,,-80.9,3.31021,1.96907,0.550602,-1.38165,1.38379,1.41,,,
1.30668,3.43772,N,N,N,N,N,N,N,Hints and Tips,Recommended,N,N,N,N,N,N,N,N,N,N,5,Y,N,Class IIIB,1,N,N,2,N,N,,,,N,,N,n-Pentyl Propionate,N,N,N,8,N,N,4,3,N,,N,N,N,N,N,Not Assigned,N,,,,,,,,1.31,165,0.726,,,,,7.6,3.2,1.4,,,,,,3.43772,1.30668,0.498072,-1.69732,1.15883,,,,
-2.76354,3.46371,N,N,N,N,N,N,N,Hints and Tips,Problematic,N,N,N,N,N,N,Y,N,N,N,7,N,N,Class II,2,N,Y,2,N,N,,,,N,,N,Bromobenzene,N,N,N,2,N,N,2,3,N,,N,N,N,N,N,T1,N,1,1,0,0.09,4.04,0.73,0.88,0.891,155.9,1.488,5.6,1.74,0.182,3,10,2,2.7,656,9.9,214,2.99,-30.8,3.46371,-2.76354,-0.981335,4.37912,-0.458873,1.557,0,0.06,0.79
-6.52093,3.59382,N,N,N,N,N,N,N,Hints and Tips,Hazardous,N,N,N,N,N,N,N,N,N,N,7,N,N,Class IB,3,N,N,6,N,Y,,,,N,,N,Cyclopentane,N,N,N,2,N,N,2,8,N,,N,N,N,N,N,T2,N,0,3,0,0,2.48,0.1,0.26,0.705,49.2,0.74,2,0,,,,,,2421,8.1,502,3,-93.8,3.59382,-6.52093,-0.976066,-2.51651,-0.436023,1.406,,,
-4.25855,3.62775,N,N,N,N,N,N,N,Hints and Tips,Hazardous,N,N,N,N,Y,N,N,N,N,N,7,N,N,Not Assigned,Not Assigned,Y,Y,8,N,N,,,,N,,Y,"2,2,2-trifluoroacetic Anhydride [TFAA]",N,N,N,6,N,N,2,7,N,,N,N,N,N,N,Not Assigned,N,,3,,,,,,0.869,39.5,1.503,,,,,,,,,,,,-65,3.62775,-4.25855,1.75618,-1.59535,5.66695,1.269,,,
7.71894,3.63892,N,N,N,N,N,N,N,Hints and Tips,Problematic,N,N,N,N,N,N,N,N,N,N,7,Y,Y,Class IIIB,1,N,N,2,N,N,,,,N,,N,Butyl Carbitol Acetate [2-(2-Butoxyethoxy)ethyl acetate],N,N,N,8,N,N,4,1,N,,N,N,N,N,N,Not Assigned,N,1,1,,,,,,1.709,246.7,0.977,,,,,7.8,4,2,2058,9.1,623,,-32,3.63892,7.71894,2.21787,-0.415515,1.74205,1.426,,,
-2.17616,3.6549,N,N,N,N,N,N,N,Hints and Tips,Problematic,N,N,N,N,N,N,Y,Y,N,Y,7,N,N,Class IIIA,1,N,Y,2,N,N,,,,N,,N,"1,2-Dichlorobenzene",N,N,N,2,N,N,2,2,N,,N,N,N,N,N,T1,N,1,1,0,0.04,4.52,0.78,0.87,0.961,180.5,1.3,10.4,2.53,0.225,3,9.4,1.6,3.1,888,10,209,3.38,-17,3.6549,-2.17616,-0.77478,4.76397,0.167424,1.552,0,,0.8
-0.300555,3.73842,N,N,N,N,N,N,N,Hints and Tips,Problematic,N,N,N,N,N,Y,Y,N,N,N,7,N,N,Class IIIA,1,N,N,6,N,N,,,,N,,N,"N,N-Dimethylaniline",N,N,Y,2,N,N,2,1,N,,N,N,N,N,N,T2,N,1,1,0,0.41,,0.84,0.96,1.098,193,0.952,4.9,1.61,0.179,27,,,,1808,9.8,380,2.31,2,3.73842,-0.300555,-0.976462,4.21466,-2.21541,1.559,0,,0.9
-2.05131,3.78768,N,N,N,N,N,N,N,Hints and Tips,Problematic,N,N,N,N,N,N,Y,N,N,N,5,N,N,Class IIIA,1,N,Y,5,N,N,,,,N,,N,Iodobenzene,N,N,N,2,N,N,2,2,N,,N,N,N,N,N,Not Assigned,N,1,1,0,0.12,4.5,0.82,1.19,0.975,188.3,1.831,4.8,1.71,0.17,4,,,,425,10.1,93,3.25,-31.4,3.78768,-2.05131,-0.937117,5.83917,-0.898518,1.62,0,,0.81
2.87354,3.79382,N,N,N,N,N,N,N,Hints and Tips,Problematic,N,N,N,N,N,N,N,N,N,N,5,N,N,Class IIIA,1,N,N,5,N,N,,,,Y,,N,5-Nonanone,N,N,N,8,N,N,4,1,N,,N,N,N,N,N,Not Assigned,N,1,1,,,,,,1.392,188.5,0.818,10.6,2.71,0.21,,,,,2596,8.5,361,,-4.8,3.79382,2.87354,0.484912,-0.569989,0.817048,1.42,,,
2.17254,4.08788,N,N,N,N,N,N,N,Hints and Tips,Problematic,N,N,N,N,N,N,N,N,N,N,5,N,N,Class II,2,N,N,5,N,N,,,,Y,,N,"2,6-Dimethyl-4-heptanone [Diisobutyl ketone]",N,N,N,8,N,N,4,3,N,,N,N,N,N,N,T2,N,0,1,,,,,,1.392,168.4,0.805,9.9,2.66,0.225,,,,,2593,8.1,,2.96,-46,4.08788,2.17254,0.294017,-0.607983,0.518781,1.412,,,
-3.70436,4.15092,N,N,N,N,N,N,N,Hints and Tips,Problematic,N,N,N,N,N,N,Y,N,N,N,3,N,N,Class IB,3,N,N,6,N,N,2,1,2,N,2,N,Toluene,N,N,N,2,N,N,2,5,N,3,N,N,N,N,N,T1,N,0,2,0,0.14,3.33,0.52,0.6,0.857,110.6,0.862,2.4,0.38,0.099,0.1,8.8,1,0.7,1961,8.9,371,2.73,-95,4.15092,-3.70436,-1.08688,0.97639,-1.41892,1.47,0,0.11,0.54
-0.519954,4.30035,N,N,N,N,N,N,N,Hints and Tips,Problematic,N,N,N,N,N,N,Y,N,N,N,5,N,Y,Class II,2,N,N,5,N,N,,,,N,,N,Ethoxybenzene [phenetole],N,N,N,2,N,N,2,4,N,,N,N,N,N,N,Not Assigned,N,1,1,0,0.32,4.24,0.7,0.68,1.057,169.8,0.96,4.2,1.41,0.182,8,,,,1918,9.5,284,2.51,-29.5,4.30035,-0.519954,-0.26524,2.68989,-0.925248,1.507,0,0.2,0.69
-5.39104,4.40048,N,N,N,N,N,N,N,Hints and Tips,Hazardous,N,N,N,N,N,N,N,N,N,N,3,N,N,Class IB,3,N,N,3,N,Y,,,,N,,N,Methylcyclopentane,N,N,N,2,N,N,2,8,N,,N,N,N,N,N,T2,N,0,2,0,0,2.82,0.1,0.23,0.845,71.9,0.74,,0,,,,,,2521,7.9,409,3.37,-142.4,4.40048,-5.39104,-0.45836,-2.23816,-0.209832,1.41,,,
-4.64387,4.49867,N,N,N,N,N,N,N,Hints and Tips,Problematic,N,Y,N,N,N,N,N,Y,N,Y,5,N,N,Not Assigned,Not Assigned,N,Y,6,N,N,2,,,N,,N,Tetrachloroethene,N,N,N,2,N,N,2,4,N,,N,N,N,N,N,T1,N,0,1,0,0,,0.44,0.64,0.837,119.1,1.614,2.3,0,0.043,,9.3,1.4,3.2,568,9.3,119,2.88,-22.4,4.49867,-4.64387,-1.05374,1.25923,-1.60111,1.506,0,0,0.28
-5.58486,4.51663,N,N,N,N,N,N,N,Hints and Tips,Highly Hazardous,N,N,N,N,N,N,N,Y,N,Y,10,N,N,Not Assigned,Not Assigned,N,Y,7,N,N,1,,,N,,N,Tetrachloromethane [Carbon Tetrachloride],N,N,N,2,N,N,2,2,N,,N,N,N,N,N,T1,N,0,2,0,0,2.82,0.38,0.46,0.739,76.5,1.584,2.3,0,0.052,0,8.7,0.3,0,539,8.6,110,2.64,-22.8,4.51663,-5.58486,-1.10445,-0.143139,-0.045966,1.46,0,0,0.28
4.05439,4.5603,N,N,N,N,N,N,N,Hints and Tips,Recommended,N,N,N,N,N,N,N,N,N,N,3,Y,N,Class IIIA,1,N,N,2,N,N,,,,N,,N,n-Propyl Propionate,N,N,N,8,N,N,4,4,N,,N,N,N,N,N,T2,N,0,1,,,,,,1.028,122.4,0.732,,1.79,,,7.6,3.6,1.8,2645,8.6,357,,-75.9,4.5603,4.05439,1.8311,-0.679045,0.656823,1.39,,,
1.20323,4.69166,N,N,N,N,N,N,N,Hints and Tips,Problematic,N,N,N,N,N,N,N,N,N,N,5,N,Y,Class IC,3,N,N,5,N,N,,,,N,,N,Di-n-butylether,N,N,N,8,N,N,4,5,N,,N,N,N,N,N,T4,N,0,1,0,0.45,3.92,0.25,0,1.295,142,0.742,3.2,1.18,0.071,19,,,,3420,7.8,245,3.21,-95.2,4.69166,1.20323,0.674212,-2.76048,-0.416863,1.399,0,0.46,0.24
-1.67792,4.74542,N,N,N,N,N,N,N,Hints and Tips,Problematic,N,N,N,N,N,N,Y,Y,N,Y,7,N,N,Class IIIA,1,N,Y,5,N,N,,,,N,,N,"1,3-Dichlorobenzene",N,N,N,6,N,N,2,2,N,,N,N,N,N,N,T1,N,1,1,0,0.02,4.41,0.73,0.85,0.961,171.2,1.283,5.2,1.68,0.185,2,,,,897,9.8,212,3.48,-24.8,4.74542,-1.67792,0.091056,4.43084,-0.0737213,1.546,0,,0.67
10.9534,4.77199,N,N,N,N,N,N,N,Hints and Tips,Problematic,Y,N,N,N,N,N,N,N,N,N,7,N,Y,Class IIIB,1,N,N,5,N,N,,,,N,,Not Determined,TPnB Glycol Ether [Tripropylene glycol n-butyl ether],N,N,N,8,N,N,4,1,N,,N,N,N,N,N,T4,N,,,,,,,,2.175,274,0.93,,,,,7.2,3.9,0.8,,,,,-75,4.77199,10.9534,3.7886,-0.925717,1.20125,,,,
1.16705,4.89075,N,N,N,N,N,Y,N,Hints and Tips,Problematic,N,N,N,Y,N,N,N,N,N,N,3,N,N,Class IB,3,N,N,6,N,N,,,,N,,N,"N-Ethyl-N-isopropylpropan-2-amine [Diispropylethylamine, Hunig's Base]",N,N,Y,4,N,N,4,5,N,,N,N,N,N,N,T3,N,,,,,,,,1.336,126.5,0.747,,,,,,,,,,,,-50,4.89075,1.16705,-0.455425,-1.07769,-3.28526,1.414,,,
-2.32791,4.90998,N,N,N,N,N,N,N,Hints and Tips,Problematic,N,N,N,N,N,N,Y,N,N,N,5,N,N,Class II,2,N,N,5,N,N,,,,N,,N,Indane,N,N,N,2,N,N,2,4,N,,N,N,N,N,N,Not Assigned,N,1,1,,,,,,1.031,178,0.96,,0.54,,,,,,1662,9.5,314,3.33,-51.4,4.90998,-2.32791,-0.439322,2.8143,-1.86251,1.54,,,
-2.98897,5.02577,N,N,N,N,N,N,N,Hints and Tips,Recommended,N,N,N,N,N,N,Y,N,N,N,3,N,N,Class IB,3,N,N,2,N,N,,,,N,,N,Ethylbenzene,N,N,N,2,N,N,2,5,N,,N,N,N,N,N,T2,N,0,1,,,,,,0.998,136.2,0.863,2.4,0.58,,6,8.7,0.7,0.3,2009,8.8,318,3.15,-95,5.02577,-2.98897,-0.395021,1.19302,-1.4861,1.496,,,
-4.80332,5.20913,N,N,N,N,N,N,N,Hints and Tips,Problematic,N,N,N,N,N,N,N,N,N,N,7,N,N,Class IB,3,N,N,3,N,Y,,1,3,N,,N,iso-Hexane [2-Methylpentane],N,N,N,2,N,N,2,6,N,3,N,N,N,N,N,T2,N,0,3,,,,,,0.954,60.3,0.65,,0,,,,,,3426,7,376,4,-153.6,5.20913,-4.80332,-0.205914,-3.23107,-0.158737,1.372,,,
-2.66385,5.24751,N,N,N,N,N,N,N,Hints and Tips,Problematic,N,N,N,N,N,N,Y,N,N,N,5,N,Y,Not Assigned,Not Assigned,Y,Y,5,N,N,,,,N,,N,(Trifluoromethoxy)benzene [Trifluoromethylphenyl ether],N,N,N,6,N,N,2,6,N,,N,N,N,N,N,Not Assigned,N,,,,,,,,0.969,103,1.226,,,,,,,,,,,,,5.24751,-2.66385,0.336053,0.731527,0.321168,1.406,,,
-4.04518,5.31479,N,N,N,N,N,N,N,Hints and Tips,Problematic,N,N,N,N,N,N,Y,N,N,N,5,N,N,Class IB,3,Y,Y,6,N,N,,,,N,,N,Perfluorobenzene,N,N,N,6,N,N,2,5,N,,N,N,N,N,N,Not Assigned,N,0,2,,,,,,0.823,80.3,1.607,2.1,0,0.108,,,,,738,8.3,93,2.22,5.1,5.31479,-4.04518,0.133389,-0.909938,0.0518703,1.377,,,
4.98738,5.32758,N,N,N,N,N,N,N,Hints and Tips,Problematic,N,N,N,N,N,N,N,N,N,N,7,N,N,Class IIIB,1,N,N,5,N,N,,,,N,,Not Determined,Tetraethylsulfamide [TES],N,N,N,8,Y,N,4,2,N,,N,N,N,N,Y,Not Assigned,N,,,,,,,,1.716,250,1.037,,,,,,,,,,,,,5.32758,4.98738,1.36201,0.803137,0.624822,1.448,,,
-6.00755,5.35467,N,N,N,N,N,N,N,Hints and Tips,Hazardous,N,N,N,N,N,N,N,N,N,N,7,N,N,Class IA,3,N,N,3,N,Y,3,,,N,,N,n-Pentane,N,N,N,2,N,N,2,8,N,,N,N,N,N,N,T3,N,0,3,0,0,2.16,0,0,0.813,36.1,0.621,1.8,0,0.012,0,7.1,0,0,3705,7,2075,3.45,-129.7,5.35467,-6.00755,-0.446493,-4.01826,0.0227278,1.358,,,
-5.68202,5.47872,N,N,N,N,N,N,N,Hints and Tips,Problematic,N,N,N,N,N,N,N,N,N,N,7,N,N,Class IB,3,N,N,3,N,Y,2,1,3,N,,N,Cyclohexane,N,N,N,2,N,N,2,6,N,3,N,N,N,N,N,T3,N,0,2,0,0,2.96,0.1,0.31,0.845,80.7,0.778,2,0,0.01,0,8.2,0.1,0,2371,8.2,462,3.44,6.7,5.47872,-5.68202,-0.565812,-2.17757,-0.638723,1.426,0,0,0
-2.2148,5.74192,N,N,N,N,N,N,N,Hints and Tips,Problematic,N,N,N,N,N,N,Y,N,N,N,5,N,N,Class IC,3,N,N,2,N,N,2,2,2,N,,N,p-Xylene,N,N,N,6,N,N,2,4,N,3,N,N,N,N,N,T1,N,0,1,0,0.16,3.84,0.52,0.61,0.998,138.4,0.857,2.3,0,0.074,5,,,,1981,8.8,364,3.15,13.3,5.74192,-2.2148,0.0354025,1.34743,-1.99868,1.496,0,,0.43
-4.51144,5.91508,N,N,N,N,N,N,N,Hints and Tips,Problematic,N,N,N,N,N,N,N,N,N,N,7,N,N,Class IB,3,N,N,2,N,Y,2,,,N,,N,Methylcyclohexane,N,N,N,6,N,N,2,6,N,,N,N,N,N,N,T3,N,0,2,0,0,3.32,0.1,0.24,0.986,100.9,0.765,2,0,,,7.8,0.5,0,2432,8,341,3.88,-126.6,5.91508,-4.51144,0.00220696,-1.81105,-0.995321,1.423,,,
-1.81424,6.16732,N,N,N,N,N,N,N,Hints and Tips,Problematic,N,N,N,N,N,N,Y,N,N,N,7,N,N,Class II,2,N,N,2,N,N,,,,N,,N,Isopropylbenzene,N,N,N,6,N,N,2,4,N,,N,N,N,N,N,T2,N,0,1,,,,,,1.139,152.4,0.857,2.4,0.65,,6,,,,2071,8.6,320,3.66,-96,6.16732,-1.81424,0.487259,1.34341,-1.28758,1.496,0,,0.41
-3.42371,6.22973,N,N,N,N,N,N,N,Hints and Tips,Recommended,N,N,N,N,N,N,N,N,N,N,3,N,N,Class IB,3,N,N,2,N,Y,,,,N,,N,Ethylcyclohexane,N,N,N,6,N,N,2,5,N,,N,N,N,N,N,T3,N,0,1,,,,,,1.127,129.9,0.78,,0,,,,,,2395,8,346,,-111.3,6.22973,-3.42371,0.358116,-1.35139,-0.881465,1.43,,,
-2.97366,6.29549,N,N,N,N,N,N,N,Hints and Tips,Recommended,N,N,N,N,N,N,Y,N,N,N,5,N,N,Class IB,3,Y,Y,2,N,N,,,,N,,N,"1,2,3,4,5-Pentafluoro-6-(trifluoromethyl)benzene [Perfluorotoluene]",N,N,N,6,N,N,2,2,N,,N,N,N,N,N,Not Assigned,N,,,,,,,,0.999,104,1.666,,,,,,,,,,,,-66,6.29549,-2.97366,0.992833,-0.417502,1.16316,1.368,,,
-1.16539,6.31115,N,N,N,N,N,N,N,Hints and Tips,Problematic,N,N,N,N,N,N,Y,N,N,N,7,N,N,Class IIIA,1,N,N,6,N,N,2,,,N,,N,Tetralin,N,N,N,6,N,N,2,3,N,,N,N,N,N,N,T2,N,1,1,,,,,,1.171,205.6,0.966,2.8,0.61,0.086,,,,,1684,9.5,254,3.94,-35.8,6.31115,-1.16539,0.4776,2.81458,-1.74873,1.541,,,
-5.23461,6.4397,N,N,N,N,N,N,N,Hints and Tips,Hazardous,N,N,N,N,N,N,N,N,N,N,7,N,N,Class IB,3,N,N,7,N,Y,2,,,N,,N,n-Hexane,N,N,N,6,N,N,2,8,N,,N,N,N,N,N,T3,N,0,2,0,0,2.67,0,0,0.954,68.7,0.655,1.9,0,0.009,0,7.3,0,0,3445,7.3,476,4,-95.3,6.4397,-5.23461,0.186644,-3.68334,0.00238809,1.375,0,0,-0.08
-0.578672,6.6148,N,N,N,N,N,N,N,Hints and Tips,Problematic,N,N,N,N,N,N,Y,N,N,N,7,N,N,Class II,2,N,N,2,N,N,,,,N,,N,"Mesitylene [1,3,5-Trimethylbenzene]",N,N,N,6,N,N,2,4,N,,N,N,N,N,N,T1,N,0,1,0,0.19,4.34,0.52,0.65,1.139,164.7,0.861,2.3,0.1,0.068,10,8.8,0.3,0,2002,8.9,425,3.42,-44.7,6.6148,-0.578672,0.341697,1.36373,-1.84522,1.499,0,,0.41
-0.798998,7.00782,N,N,N,N,N,N,N,Hints and Tips,Problematic,N,N,N,N,N,N,Y,N,N,N,7,N,N,Class II,2,N,N,2,N,N,,,,N,,N,Butylbenzene,N,N,N,6,N,N,2,4,N,,N,N,N,N,N,T2,N,1,1,0,0.15,4.73,0.51,0.6,1.28,183.3,0.86,,0.37,,,,,,2084,8.6,270,4.26,-87.9,7.00782,-0.798998,0.999665,1.92594,-1.08044,1.49,,,
-0.644653,7.08493,N,N,N,N,N,N,N,Hints and Tips,Problematic,N,Y,N,N,N,N,N,N,N,N,7,N,N,Class II,2,N,N,2,N,N,,,,N,,N,1-Methyl-4-(prop-1-en-2-yl)cyclohex-1-ene [D-Limonene],N,N,N,6,N,N,2,4,N,,N,N,N,N,N,T3,N,0,1,,,,,,1.323,176.5,0.84,,1.57,,,,,,2147,8.2,288,,-74.2,7.08493,-0.644653,0.563942,1.22877,-1.57243,1.47,,,
-0.931718,7.23036,N,N,N,N,N,N,N,Hints and Tips,Problematic,N,N,N,N,N,N,Y,N,N,N,5,N,N,Class II,2,N,N,5,N,N,,,,N,,N,p-Cymene,N,N,N,6,N,N,2,4,N,,N,N,N,N,N,T2,N,0,1,,,,,,1.28,177.1,0.86,,0,,,,,,2042,8.5,354,4.1,-67.9,7.23036,-0.931718,1.12616,1.3351,-1.68546,1.49,,,
-4.17338,7.46235,N,N,N,N,N,N,N,Hints and Tips,Problematic,N,N,N,N,N,N,N,N,N,N,7,N,N,Class IB,3,N,N,2,N,Y,3,1,3,N,2,N,n-Heptane,N,N,N,6,N,N,2,6,N,3,N,N,N,N,N,T3,N,0,2,0,0,3.17,0,0,1.095,98.4,0.679,1.9,0,0.012,0,7.5,0,0,3273,7.5,460,4.5,-90.6,7.46235,-4.17338,1.01039,-3.17418,0.0714986,1.388,0,0,-0.08
-3.28431,7.84404,N,N,N,N,N,N,N,Hints and Tips,Problematic,N,N,N,N,N,N,N,N,N,N,7,N,N,Class IB,3,N,N,2,N,Y,,,,N,,N,n-Octane,N,N,N,6,N,N,2,5,N,,N,N,N,N,N,T3,N,0,1,0,0,3.68,0,0,1.236,123,0.699,1.9,0,0.012,0,7.6,0,0,3156,7.5,213,5.15,-56.8,7.84404,-3.28431,1.46227,-2.66848,0.0377296,1.397,,,
5.18385,7.9342,N,N,N,N,N,N,N,Hints and Tips,Problematic,N,N,N,N,N,N,Y,N,N,N,7,Y,N,Class IIIB,1,N,N,2,N,N,,,,N,,N,Benzyl Benzoate,N,N,N,8,N,N,4,1,N,,N,N,N,N,N,T1,N,2,1,,,,,,1.68,323.5,1.11,,0,,,,,,1552,10,,3.97,19.4,7.9342,5.18385,3.82671,5.52021,1.3553,1.57,,,
2.60568,7.94995,N,N,N,N,N,N,N,Hints and Tips,Problematic,N,N,N,N,N,N,Y,N,N,N,7,N,Y,Class IIIB,1,N,N,2,N,N,,2,3,N,1,N,Diphenyl Ether,N,N,N,8,N,N,4,3,N,1,N,N,N,N,N,T1,N,1,1,0,0.2,6.29,1.08,1.22,1.383,258.4,1.075,3.7,1.17,0.142,,,,,1450,10.1,,4.21,26.9,7.94995,2.60568,2.347,6.40646,-0.595509,1.581,0,0.13,0.66
-2.29608,8.12087,N,N,N,N,N,N,N,Hints and Tips,Hazardous,N,N,N,N,N,N,N,N,N,N,7,N,N,Class II,2,N,N,7,N,Y,,,,N,,N,cis-Decalin,N,N,N,6,N,N,2,4,N,,N,N,N,N,N,T3,N,1,1,0,0,5.16,0.25,0.54,1.3,195.8,0.897,2.2,0,0.015,,9.2,0,0,1848,8.6,285,5.08,-43,8.12087,-2.29608,1.35479,0.446118,-1.00533,1.481,,,
-0.0692801,8.22926,N,N,N,N,N,N,N,Hints and Tips,Problematic,N,N,N,N,N,N,N,N,N,N,7,N,N,Class IB,3,N,N,5,N,N,,,,N,,N,Hexamethyldisiloxane [M2],N,N,N,6,N,N,2,6,Y,,N,N,N,N,N,Not Assigned,N,,2,,,,,,0.968,100.5,0.76,,0.66,,,,,,2507,6.2,283,4.2,-68,8.22926,-0.0692801,1.69204,-1.48188,-0.018951,1.377,,,
-2.25706,8.70082,N,N,N,N,N,N,N,Hints and Tips,Problematic,N,N,N,N,N,N,N,N,N,N,7,N,N,Class IC,3,N,N,2,N,Y,,,,N,,N,n-Nonane,N,N,N,6,N,N,2,4,N,,N,N,N,N,N,T3,N,0,1,0,0,4.18,0,0,1.377,148.8,0.714,2,0.07,0.009,,7.7,0,0,3080,7.6,316,5.65,-53.5,8.70082,-2.25706,2.09121,-2.23023,-0.123578,1.405,,,
4.80875,9.03947,N,N,N,N,N,Y,N,Hints and Tips,Hazardous,N,N,N,Y,N,N,N,N,N,N,7,N,N,Class IIIA,1,N,N,9,N,N,,,,N,,N,Tributylamine,N,N,Y,8,N,N,4,2,N,,N,N,N,N,N,T3,N,1,1,,,,,,1.899,213.4,0.774,2.3,0.76,0.043,50,,,,2741,7.8,207,4.56,-70,9.03947,4.80875,2.88702,-2.02983,-2.92386,1.429,0,0.62,0.16
-1.6408,9.43312,N,N,N,N,N,N,N,Hints and Tips,Problematic,N,N,N,N,N,N,N,N,N,N,5,N,N,Class II,2,N,N,2,N,Y,,,,N,,N,Decane,N,N,N,6,N,N,2,4,N,,N,N,N,N,N,T3,N,0,1,0,0,,0,0,1.518,172.5,0.726,2,0.07,0.009,,7.7,0,0,3022,7.7,338,6.25,-29.6,9.43312,-1.6408,2.77792,-2.18634,0.270926,1.412,,,
-1.87484,10.9205,N,N,N,N,N,N,N,Hints and Tips,Recommended,N,N,N,N,N,N,N,N,N,N,3,N,N,Not Assigned,Not Assigned,Y,Y,2,N,N,,,,N,,N,Perfluorodecalin,N,N,N,6,N,N,2,1,N,,N,N,N,N,N,Not Assigned,N,,,,,,,,1.619,142,1.937,1.9,0,,,,,,,,,,-10,10.9205,-1.87484,3.86093,-4.37456,2.31021,1.315,,,
2.66874,11.0181,N,N,N,N,N,N,N,Hints and Tips,Problematic,N,N,N,N,N,N,N,N,N,N,7,N,N,Class IC,3,N,N,1,N,N,,,,N,,N,Octamethyltrisiloxane [MDM],N,N,N,8,N,N,4,4,Y,,N,N,N,N,N,Not Assigned,N,,,,,,,,1.285,153,0.82,,,,,,,,,,140,,-82,11.0181,2.66874,4.05506,-0.947221,0.305732,1.384,,,
5.31867,12.1781,N,N,N,N,N,N,N,Hints and Tips,Problematic,N,N,N,N,N,N,N,N,N,N,7,N,N,Class II,2,N,N,6,N,N,,,,N,,N,Octamethylcyclotetrasiloxane [D4],N,N,N,8,N,N,4,4,Y,,N,N,N,N,N,Not Assigned,N,1,,,,,,,1.272,175,0.95,,0.66,,,,,,1815,6.3,107,5.1,17.7,12.1781,5.31867,5.12363,-0.402146,1.00867,1.396,,,
5.71566,14.593,N,N,N,N,N,N,N,Hints and Tips,Recommended,N,N,N,N,N,N,N,N,N,N,5,N,N,Class IIIA,1,N,N,2,N,N,,,,N,,N,Decamethyltetrasiloxane [MD2M],N,N,N,8,N,N,4,2,Y,,N,N,N,N,N,Not Assigned,N,,,,,,,,1.603,194,0.854,,,,,,,,,,,,-68,14.593,5.71566,6.6462,-0.567117,0.952821,1.389,,,
8.59344,15.681,N,N,N,N,N,N,N,Hints and Tips,Problematic,N,N,N,N,N,N,N,N,N,N,7,N,N,Class IIIA,1,N,N,1,N,N,,,,N,,N,Decamethylcyclopentasiloxane [D5],N,N,N,8,N,N,4,2,Y,,N,N,N,N,N,Not Assigned,N,1,1,,,,,,1.59,370.8,0.95,,1.35,,,,,,1812,5.9,,,-38,15.681,8.59344,7.9334,0.83998,2.07318,1.398,,,
